category_id,name,annotation_count,mean_area,median_area,mean_aspect,n_images
355,unknown_product,422,35615.398104265405,25744.0,1.0981586462538386,90
86,HAVRE KNEKKEBRØD 300G WASA,398,30397.71608040201,25525.5,1.503288197884653,86
109,KNEKKEBRØD 100 FRØ&HAVSALT 245G WASA,374,25556.0320855615,20509.5,1.1193418188220545,85
100,EVERGOOD CLASSIC FILTERMALT 250G,368,23502.51358695652,16408.5,0.6250396117876517,29
349,KNEKKEBRØD SPORT+ 210G WASA,364,24873.61813186813,19459.5,1.2063708662173447,86
246,HUSMAN KNEKKEBRØD 260G WASA,322,29788.763975155278,25978.5,1.4625495882177675,75
296,FIBER BALANCE 230G WASA,309,25551.550161812298,22015.0,1.179973073790951,87
271,FRUKOST KNEKKEBRØD 240G WASA,307,26130.042345276874,22922.0,1.1646451523867092,84
132,FRUKOST FULLKORN 320G WASA,300,32939.27,27693.0,1.5051349571241022,83
207,LEKSANDS KNEKKE FIBERBIT 240G,297,29481.683501683503,24675.0,1.1656431710532893,82
307,MAISKAKER OST 125G FRIGGS,283,24965.466431095407,22920.0,0.6919938854613306,76
21,KNEKKEBRØD RUNDA SESAM&HAVSALT 290G WASA,271,33703.26937269373,30135.0,0.6596665958668192,86
250,LEKSANDS KNEKKE NORMALT STEKT 200G,271,20842.50184501845,19035.0,0.9413987266287821,75
38,KNEKKEBRØD DIN STUND CHIA&HAVSALT 270G W,265,33763.59245283019,27018.0,0.5561380792051706,82
280,RISKAKER 100G FIRST PRICE,262,27105.297709923663,22489.0,0.6603447564981205,75
233,LEKSANDS KNEKKE GODT STEKT 200G,260,23270.03846153846,20860.5,0.9655636995964554,73
96,FLATBRØD 275G KORNI,247,26406.55060728745,21590.0,1.1706822337486535,80
92,KNEKKEBRØD GODT FOR DEG 235G SIGDAL,247,19219.485829959514,15180.0,1.0180070777903358,77
80,FROKOSTEGG FRITTGÅENDE L 12STK PRIOR,243,68456.19341563786,56985.0,3.5577612540315,26
239,MAISKAKER CHIA/HAVSALT 130G FRIGGS,240,32587.370833333334,29010.0,0.5843434830723789,71
171,ALI ORIGINAL FILTERMALT 250G,231,27127.285714285714,20880.0,0.5937997388224775,38
52,RUGSPRØ 200G WASA,227,35937.45374449339,31540.0,1.3630313079545906,80
345,KNEKKEBRØD URTER&HAVSALT 220G SIGDAL,223,20750.242152466366,15104.0,0.9862964841543264,75
275,EGG FRITTGÅENDE 18STK S/M FIRST PRICE,223,70871.59192825112,62720.0,3.2546212349814923,27
82,FRØ & HAVSALT 200G LEKSANDS,205,22738.356097560976,17292.0,0.9254788158713534,65
243,RYVITA KNEKKEBRØD RUG 400G,198,46358.67676767677,37359.5,2.362236646500143,80
188,MAISKAKER POPCORN 125G FRIGGS,195,22143.841025641024,20009.0,0.7014231390534575,59
29,NESQUIK FROKOSTBLANDING 375G NESTLE,192,88107.875,65317.0,0.7567114305287551,74
97,CHEERIOS MULTI 375G NESTLE,190,74073.92631578947,59084.0,0.6846738414857318,81
181,CHEERIOS HAVRE 375G NESTLE,190,72580.44210526315,67120.5,0.6775507235822863,79
236,LEKSANDS KNEKKE RUTBIT 200G,187,28727.711229946523,23598.0,1.1233410941863462,58
152,HAVREKNEKKEBRØD TYNT 265G WASA,185,23523.92972972973,19824.0,1.1427688612841744,63
34,SMACKS 330G KELLOGG'S,181,101538.1270718232,75520.0,0.7152253526791023,77
73,MELLOMBAR SJOKOLADE&KRISP 138G ELDORADO,178,32820.55617977528,26552.0,1.083378994235882,70
218,CORN FLAKES 500G KELLOGGS,178,94510.88202247191,82047.0,0.6542852025568391,69
3,KNEKKEBRØD DIN STUND CHIA&HAVSALT 260G,178,40925.86516853933,32272.0,1.3366710154220074,70
204,MELLOMBAR SALT KARAMELL 138G ELDORADO,177,35812.333333333336,29600.0,1.0443640434014856,70
268,SUPERGRØT KANEL&PUFFET QUINOA 54G,177,16593.677966101695,11424.0,1.0639001766469907,45
329,SKORPOR FULLKORN 240G PÅGEN,170,55545.05882352941,45447.5,0.9028005773661696,78
284,MELLOMBAR KOKOS&SJOKOLADE 138G ELDORADO,168,37883.91071428572,34260.0,1.0492316894410514,70
342,HAVREFRAS 375G,167,70103.51497005988,45162.0,0.8019437308797988,71
232,EGG ØKOLOGISK M/L/XL 6STK PRIOR,167,40161.17365269461,33060.0,2.0029315202317846,23
33,FLATBRØD MORS HJEMMEBAKTE 520G,161,59305.86335403727,51615.0,0.9054337363895665,74
208,FLATBRØD 190G IDEAL,160,25807.4625,21462.0,1.0436665592132446,77
338,HUSMAN KNEKKEBRØD 520G WASA,159,58572.70440251572,47596.0,2.2042535215763595,62
205,CORN FLAKES 750G FIRST PRICE,158,93452.99367088608,88584.0,0.5752885857845692,68
53,COCO POPS CHOCOS 330G KELLOGG'S,157,73770.68789808918,55275.0,0.7995793083010617,73
12,Leksands Rutbit,150,24452.613333333335,23016.0,1.1502493954551944,51
304,EVERGOOD CLASSIC KOKMALT 250G,147,30989.56462585034,22154.0,0.618936328408141,33
130,WEETOS CHOCO 375G WEETABIX,145,88333.16551724137,68418.0,0.686127959562067,71
261,MÜSLI HASSELNØTT 600G AXA,144,38440.9375,24843.0,0.7539838189330599,57
61,MUSLI BLÅBÆR 630G AXA,144,37889.5625,31505.0,0.7656862386168803,57
217,MELLOMBAR POPCORN&SJOKOLADE 126G ELDORAD,144,38786.166666666664,35427.5,1.0205095132851076,66
201,MUSLI FRUKT 700G AXA,144,44274.29861111111,35028.0,0.769224385027959,56
194,CRUESLI SOLFROKOST 450G QUAKER,141,63057.354609929076,47752.0,0.7764175295923119,67
212,KNEKKEBRØD 220G SIGDAL,140,17821.32857142857,15008.5,1.0279046867841535,53
75,CRUESLI 4 NUTS 450G QUAKER,139,58647.17266187051,47109.0,0.7181034504242715,69
85,RIS PUFFET 260G FIRST PRICE,139,64238.06474820144,52428.0,0.969062808577665,63
139,EGG FRITTGÅENDE M/L/XL SOLEGG 6STK PRIOR,135,45693.333333333336,42032.0,2.0000736506575807,21
62,KAVRINGER 350G WASA,134,64525.50746268657,57865.5,0.8649655662137802,68
315,4-KORN 675G AXA,134,43053.68656716418,29603.0,0.8065949879926848,63
30,SJOKORINGER 375G ELDORADO,129,96165.74418604652,68760.0,0.6797706750010443,64
143,KORNMO KNEKKEBRØD HAVRE&SOLSIKKE 200G,129,36835.59689922481,32103.0,2.1276291468726094,57
283,GÅRDSEGG M/L 12STK ELDORADO,127,92258.13385826771,90592.0,3.333593125172275,23
186,SUPERGRØT SKOGSBÆR 57G BARE BRA,126,14894.277777777777,8428.0,1.0972519124459577,34
50,BERIT GRANOLA M/PUFFET HAVRE 350G,123,56606.30894308943,51076.0,0.7569667577311816,65
305,GRANOLA KAKAO&BRINGEBÆR 430G BARE BRA,122,47306.360655737706,34278.0,0.735484469730154,66
164,GRANOLA NATURELL 475G ELDORADO,121,66364.20661157025,60600.0,0.6867537600211887,71
265,MELLOMBAR SUKKERFRI M/SJOKO 138G,121,35602.02479338843,30975.0,1.030382884126519,68
66,RYVITA KNEKKEBRØD SESAM 250G,121,27141.619834710742,23506.0,1.7468931310166096,44
39,KNEKKEBRØD RUNDA KANEL 330G WASA,120,34766.208333333336,31587.0,0.5957652359193292,45
264,MELLOMBAR JORDBÆR HVIT SJOKOLADE 138G EL,116,30482.922413793105,27637.5,1.0110332669931394,56
117,GRANOLA HASSELNØTT&KOKOS 450G BARE BRA,115,58874.17391304348,41881.0,0.74875357515208,59
235,FLATBRØD ØKOLOGISK 190G RØROS,115,50965.0,47750.0,1.1298225053127549,64
23,FITNESS FROKOST 375G NESTLE,113,65333.19469026549,51680.0,0.7404062536366769,49
84,HAVRE KNEKKEBRØD ØKONOMI 600G WASA,109,53731.091743119265,36084.0,2.2208348918889604,43
298,O'BOY ORIGINAL 450G FREIA,109,41759.49541284404,35464.0,0.6432264021291327,36
35,CRUNCHY MUSLI 750G FIRST PRICE,108,63890.2962962963,51914.0,0.6542202732683459,58
46,GRØNN TE SITRON 25POS TWININGS,108,30026.38888888889,23463.0,1.8542621471192913,40
260,MUSLI ENERGI 675G AXA,108,37575.0,25632.5,0.791739025966685,47
244,RUGSPRØ HAVRE 180G WASA,107,32834.495327102806,28560.0,1.2875635875324123,46
214,HAVREGRØT ROSIN&VANILJE 525G AXA,107,48458.280373831774,39458.0,0.7309948016511864,49
187,WEETABIX ORIGINAL FROKOSTBLANDING 430G,106,69906.69811320755,50228.0,0.7703081901193658,54
7,PUFFET HAVRE 340G FIRST PRICE,106,75977.46226415095,65748.0,1.0324667469915303,54
15,FRUKT MÜSLI 1KG FIRST PRICE,105,61672.933333333334,49088.0,0.7455535492752443,51
330,GRANOLA MED JORDBÆR 390G SYNNØVE,103,55359.51456310679,38514.0,0.7462610705501335,60
108,MUSLI M/BELGISK SJOKOLADE DSH,103,58211.31067961165,38889.0,0.7291485425415704,60
56,SJOKOLADEDRIKK 10PK 320G REGIA,101,35990.25742574257,29532.0,0.6863420929298112,37
333,MELBATOAST RUND 110G MEULEN,101,40446.376237623765,35066.0,0.9445605677889802,61
78,MUSLI HAVRE&MANDEL 400G BARE BRA,101,56436.81188118812,35616.0,0.7239924040057947,60
63,ALI MØRKBRENT FILTERMALT 250G,101,38423.36633663366,21280.0,0.5651107180723492,33
282,FILTERPOSER NR.4 200STK ALI,98,42257.61224489796,34246.0,1.0081600070138297,33
40,FRIELE FROKOST FILTERMALT 250G,95,27390.484210526316,20280.0,0.5843708698838088,19
173,EARL GREY TEA 25POS TWININGS,95,29265.273684210526,22540.0,1.8879356168741284,38
49,EVERGOOD DARK ROAST FILTERMALT 250G,92,29973.706521739132,23024.0,0.5639701579133866,23
111,NESCAFE BRASERO 100G,91,21465.604395604394,15960.0,0.6242479925093725,36
157,MELLOMBAR SOMMERVIBBER 138G ELDORADO,90,38087.41111111111,34917.5,1.046450604700538,57
47,GRANOLA EPLE&KANEL 430G BARE BRA,88,39531.97727272727,31947.0,0.734395597851373,47
223,GRANOLA PEKAN HONNINGSRISTET 350G SYNNØV,86,50325.16279069767,48128.0,0.7763291145133789,53
0,FRØKRISP KNEKKEBRØD ØKOLOGISK 170G BERIT,85,17486.54117647059,14097.0,0.8615992155794445,41
72,EGG FRITTGÅENDE 12STK PRIOR,84,72648.61904761905,44600.0,3.6201693253927876,12
259,REGIA KAKAO ORIGINAL 260G,81,29465.69135802469,26790.0,0.7564101089998914,36
89,FOREST FRUIT TEA 20POS LIPTON,76,25455.157894736843,16702.5,1.1363680083078256,35
341,EVERGOOD CLASSIC HELE BØNNER 500G,76,55333.27631578947,36188.0,0.6477248169738294,26
68,MAISKAKER SOURCREAM&ONION 125G FRIGGS,76,15974.013157894737,14580.0,0.6428180449022347,21
225,EVERGOOD CLASSIC KAFFEKAPSEL 10STK,74,33328.37837837838,21624.0,0.714756937142306,37
160,ALI ORIGINAL KOKMALT 250G,74,28542.405405405407,24948.5,0.5617764501951781,22
178,NESCAFE GOLD ORGANIC&FAIRTRADE 100G,73,35263.890410958906,28375.0,0.5006744657372444,37
189,YELLOW LABEL TEA 25POS LIPTON,72,24669.069444444445,19308.5,1.7945701729303585,37
151,FARMERS COFFEE FILTERMALT 250G,72,36939.40277777778,30589.5,0.5793331128754757,32
191,ALL-BRAN REGULAR 375G KELLOGG'S,69,84536.43478260869,62511.0,0.7900240783576062,33
145,GRANOLA MANDLER &QUINOA 475G ELDORADO,69,53785.47826086957,50050.0,0.7055915226603213,33
8,FLATBRØD MORS,68,28707.632352941175,22075.5,1.5912007304082125,33
87,SPICY INDIAN CHAI TEA 20POS TWININGS,68,25878.823529411766,20432.5,1.4833999178730792,32
200,EVERGOOD CLASSIC KAFFEKAPSEL 16STK,68,38814.75,25494.0,1.2885210663835966,30
309,FIRE RØDE FRUKTER 25POS TWININGS,67,32907.22388059701,23976.0,1.9050319446711073,33
32,SOLBÆRTODDY 10PK 320G FREIA,67,30427.194029850747,26055.0,0.7112919899729172,33
272,EVERGOOD KOFFEINFRI FILTERMALT 250G,67,35261.26865671642,24231.0,0.5775829141095711,30
237,EGG FRITTGÅENDE L/XL 10STK PRIOR,66,64210.77272727273,58833.0,3.1079121377670544,12
213,EGG FRITTGÅENDE M/L 6PK PRIOR,64,19045.859375,8043.0,1.8646745644054918,7
219,GREEN WORLD KAFFE ØKOL FILTERMALT 250G,63,32832.53968253968,24192.0,0.5827665495219431,27
141,EVERGOOD CLASSIC PRESSMALT 250G,63,38329.01587301587,24780.0,0.5620607288389687,28
122,NYPETE 24POS CONFECTA,62,26944.66129032258,19823.0,1.8911632656142914,27
142,NESCAFÉ CAPPUCCINO 100G NESTLE,61,32953.72131147541,22468.0,0.7676728460121185,37
174,EPLE&KANEL&ROSIN TE 25POS TWININGS,59,25547.542372881355,17836.0,1.79389419453378,30
197,SPECIAL K CLASSIC 335G KELLOGG'S,59,50127.47457627119,46191.0,0.7750300889994494,27
1,COFFEE MATE 180G  NESTLE,59,23119.186440677968,18135.0,0.9289266545959484,27
325,NESCAFE GULL 100G,58,22318.672413793105,15538.5,0.5188376963382588,22
11,GRISSINI M/OLIVENOLJE 200G JACOBS UTVALG,58,101641.13793103448,89947.0,0.8164792031047855,41
339,ALI ORIGINAL KAFFEKAPSEL 16STK,57,39581.78947368421,28120.0,1.223159313449902,28
103,EVERGOOD DARK ROAST KAFFEKAPSEL 10STK KA,56,24944.428571428572,18915.5,0.6586297328162107,31
266,SJOKOLADEDRIKK LETT 10X14G RETT I KOPPEN,55,24506.418181818182,14949.0,0.7174362187792755,17
158,SURDEIG KNEKKEBRØD WASA,55,17244.78181818182,13200.0,0.9465360284365085,17
222,NESCAFÉ MOCHA 136G NESTLE,54,32673.51851851852,24628.5,0.7612267232130493,35
215,BLUE FRUIT TE PYRAMIDE 20POS LIPTON,54,29752.925925925927,21634.0,1.0674519919706722,28
137,NESCAFE AZERA ESPRESSO 100G,54,21609.925925925927,15759.0,0.7080138867961191,30
146,NESCAFE GULL 200G NESTLE,54,17775.277777777777,13854.0,0.5037263244197218,30
340,EVERGOOD DARK ROAST HELE BØNNER 500G,54,49340.2037037037,28333.0,0.6339428243617264,24
347,EVERGOOD DARK ROAST PRESSMALT 250G,53,36528.15094339623,32130.0,0.5774002839922628,24
102,EGG FRITTGÅENDE M/L/XL SOLEGG 12STK PRIO,50,96075.8,85299.0,3.6566094586260673,12
334,CHAI-TE ORIGINAL 20POS PUKKA,50,32453.04,22936.0,0.69398166127684,35
193,EGG ØKOLOGISK 6STK 375G JACOBS UTVALGTE,50,19401.4,6405.0,2.250510352711769,7
297,SOLBÆR TE 25POS TWININGS,48,34710.375,26694.0,1.9477465975010002,22
14,GRANOLA NØTTER 375G JACOBS UTVALGTE,48,44774.875,36406.0,0.6806419052006437,27
121,FROKOST-TALL 250G ELDORADO,48,74599.60416666667,45471.0,0.6852499312719714,25
175,MELANGE MARGARIN 500G,47,48126.382978723406,42240.0,2.0464924526519894,7
306,NESCAFE GULL 100G REFILL,47,34190.936170212764,20984.0,0.6005227117162928,24
6,Eldorado Økologiske Gårdsegg,46,77387.39130434782,63360.5,3.220080063999272,13
162,TRESOR CHOCO NUT 410G KELLOGGS,46,67258.5,47873.5,0.8029804937168308,23
326,SOFT FLORA ORIGINAL 540G,45,41259.066666666666,37064.0,1.593434801869025,5
5,GRISSINI HVITLØK 125G GRANFORNO,45,42762.64444444444,34965.0,1.5495962463562856,16
231,"MELLOMBAR CHIA,QUINOA&NØTTER 138G",43,25606.95348837209,25688.0,1.0816670316452663,22
45,LADY GREY TEA 25POS TWININGS,43,34240.37209302326,28405.0,1.8160504613290203,23
328,GRANOLA EPLE&BÆR 375G JACOBS UTVALGTE,40,42258.325,32810.0,0.702367414308359,24
192,ICE COFFEE 8POS NESCAFE,39,39131.179487179485,30751.0,0.829753638557726,27
24,GRØNN MINT TE 20POS LIPTON,38,22367.342105263157,8499.5,1.0373218736969192,16
184,EARL GREY TEA 200G TWININGS,36,20472.916666666668,15420.0,0.7091694371357039,20
292,NESCAFE AZERA AMERICANO 100G,35,17949.085714285713,13172.0,0.6738345192730337,15
64,TASSIMO EVERGOOD CLASSIC 16KAPSLER,35,56995.37142857143,40018.0,0.9365736778266945,22
27,YELLOW LABEL TEA 50POS LIPTON,34,41863.470588235294,31762.0,1.7399557036674833,21
106,NESCAFE GOLD KOFFEINFRI 100G,34,17922.117647058825,11418.0,1.0171770483672182,22
344,EVERGOOD DARK ROAST KAFFEKAPSEL 16STK,33,26698.333333333332,23808.0,1.20778471338653,17
169,SJOKOLADEDRIKK REFILL 512G RETT I KOPPEN,33,42181.06060606061,31680.0,0.8993003776116821,18
83,BLACK TEA PEACG&MANGO 20PS LIPTON,33,21133.757575757576,13189.0,1.186257394242036,17
269,Eldorado Egg fra Toten,33,65130.030303030304,73530.0,3.0017285142051797,11
312,Tørresvik Gård Kvalitetsegg 10stk,33,106577.45454545454,102960.0,3.6876019775992472,3
311,MELBA TOAST FIRKANTET 100G MEULEN,33,18865.121212121212,15515.0,1.3378741838909816,14
25,ALI MØRKBRENT KAFFEKAPSEL 16STK,33,33129.393939393936,27305.0,1.197083752194206,19
177,LEMON TEA GINGER 20POS PUKKA,32,29942.3125,13430.0,0.7199401172016061,24
136,SJOKOLADEDRIKK 450G BOKS REGIA,31,29461.709677419356,28842.0,0.6499493961647025,13
320,EARL GREY TEA 50POS FIRST PRICE,30,37446.76666666667,31413.0,1.1607398917972902,17
238,KAMILLE TE ØKOLOGISK 24PK,30,16550.4,10934.0,1.7584915864777053,10
196,COTW LUNGO KAFFEKAPSEL 10STK,30,28699.566666666666,20149.0,0.6392956203482534,24
37,URTETE 200G RICOLA,29,29385.931034482757,22225.0,0.682898348273515,15
324,NESCAFE LATTE 144G,29,33520.206896551725,22304.0,0.7474977222994773,21
290,SANDWICH CHEESE TOMAT&BASILIKUM 40G WASA,29,28994.58620689655,29184.0,0.9588404470972508,14
71,AMERICANO 16 KAPSLER DOLCE GUSTO,28,37907.25,23239.5,1.0467376668402044,16
148,GRANOLA SJOKOLADE&NØTTER 375G JACOBS,28,35558.92857142857,22650.0,0.6488011770690348,18
185,Eldorado Flytende Gårdsegg,28,56976.5,58083.0,0.591962816440196,13
65,PULVERKAFFE INSTANT 200G FIRST PRICE,27,35725.0,29972.0,0.5877665517465137,13
351,BREMYKT MYKERE 500G,26,55808.53846153846,64234.5,1.7980473285889909,3
228,BRUSCHETTE FINE CHEESE MARETTI,25,37791.4,27714.0,0.8244144637060237,11
43,MEIERISMØR 500G TINE,25,39960.12,18685.0,2.1071357552696033,4
240,SUPERGRANOLA GLUTENFRI 350G BARE BRA,24,32702.333333333332,31291.0,0.7133986002312342,15
348,ALI ORIGINAL HELE BØNNER 250G,24,43588.5,39171.5,0.6662149836033163,8
93,GRANOLA KAKAO KOKOS&MANDEL BARE BRA,23,40395.391304347824,30464.0,0.7633146389860673,12
316,FIBERRIK SOLSIKKE 125G SÆTRE,23,26943.304347826088,28652.0,2.1952652283044456,12
287,ENGLISH BREAKFAST TEA 25POS TWININGS,23,26682.260869565216,24720.0,1.9196474095922595,14
198,ALI ORIGINAL KAFFEPUTER 18STK,23,30106.043478260868,24552.0,1.2025842788907486,14
42,KNEKKS KJEKS M/SPELT&HAVSALT 190G RØROS,22,12771.045454545454,11939.5,0.9840866566076,6
131,KNEKKEBRØD HAVRE GL.FRI 190G SIGDAL,22,32252.863636363636,19282.0,1.1907336039926615,14
168,BRELETT 540G,21,33621.142857142855,21432.0,1.5127844644191248,3
128,SMØREMYK LETT 400G ELDORADO,20,32673.75,24091.5,2.3365284753987976,4
20,GRØNN TE 20POS LIPTON,20,31430.45,19678.0,1.0073530507574413,11
19,MOLLBERGS ZOEGAS 16KAPSLER DOLCE GUSTO,20,26124.5,15643.5,1.041767344319364,15
343,KNEKKS KJEKS ORIGINAL 190G RØROS,20,11554.15,11810.0,0.9849130509390637,7
253,SOFT FLORA LETT 235G,20,43258.65,45162.0,2.373354496904416,2
210,COTW ESPRESSO KAFFEKAPSEL 10STK,20,23199.25,18982.0,0.7414882133455377,16
336,SVARTHAVRERIS ØKOLOGISK DEN SORTE HAVRE,19,39278.21052631579,24990.0,0.623435889424526,11
303,KNEKKEBRØD HAVRE 220G SIGDAL,19,12959.421052631578,13520.0,1.0804903365658953,8
229,NESQUIK KAKAOPULVER 700G,19,47403.36842105263,33696.0,0.7694958810726193,9
267,EGGEHVITE 500G ELDORADO,19,56947.73684210526,37056.0,1.2822442328317056,8
144,FRIELE FROKOST KOKMALT 250G,19,34470.0,21593.0,0.6779125090225393,9
352,PEPPERMINT&LICORICE URTETE 20POS PUKKA,18,40617.77777777778,24650.0,0.6810882989530139,14
289,OREO O'S FROKOSTBLANDING 350G,18,51000.055555555555,50225.0,0.7467260845656024,8
22,MÜSLI RISTET HAVRE&TRANEBÆR 700G AXA,18,47954.22222222222,22940.0,0.726631667657398,10
314,CAFE AU LAIT 16KAPSLER DOLCE GUSTO,18,39176.72222222222,33867.0,1.107347826759122,15
308,HAVREGRANOLA  JORDBÆR&BRINGEBÆR 400G URK,18,45723.833333333336,41354.0,0.8099961951012745,11
224,SOFT FLORA LETT 540G,18,46556.833333333336,42662.0,1.6425645344236246,4
209,DELIKATESS SESAM 285G WASA,17,23485.941176470587,23478.0,1.1397340364641266,10
221,PUFFET HVETE 260G FIRST PRICE,17,33034.58823529412,30380.0,1.1619256160807216,10
150,Sætre GullBar,17,67545.0,39576.0,0.9650396817153509,6
31,TASSIMO EVERGOOD DARK ROAST 16KAPSLER,17,37202.94117647059,30080.0,0.8862160970391916,14
273,VITA HJERTEGO LETTMARGARIN 370G,16,31406.75,34493.0,1.7394168772444638,3
105,EGG ØKOLOGISK M/L 12STK VINGULMARK,15,75688.46666666666,17958.0,3.2201296812921263,3
113,ERTERFLATBRØD CRISP 210G,15,10316.133333333333,10368.0,1.333887811199765,4
88,OLIVERO SMØR&OLIVENOLJE 400G,15,62677.13333333333,45431.0,1.8206942916695503,3
251,KNEKKEBRØD SOLSIKKE GL.FRI 190G SIGDAL,15,21460.4,15260.0,1.079451914193551,7
70,BRUSCHETTE TOMAT&OLIVEN 150G MARETTI,15,43164.53333333333,33969.0,0.8955509553841371,10
270,GRISSINI M/ROSMARIN 200G JACOBS UTVALGTE,14,81971.14285714286,69550.0,0.794731558798549,11
138,Økologiske Egg 10stk,14,24789.785714285714,15249.0,3.5084199256984427,2
206,NESCAFE VANILLA LATTE 136G NESTLE,14,16807.35714285714,10430.5,0.7315311907691244,9
262,HAVREGRØT STEEL CUT DEN SORTE HAVRE,14,49521.5,35315.0,0.6908633296026402,10
99,NESCAFE ORIGINAL 180G REFILL,14,25535.85714285714,15651.0,1.3148609203937949,9
281,GRANDE 16KAPSLER DOLCE GUSTO,14,34174.92857142857,19034.0,1.279063036457965,8
36,MÜSLI FRUKT MÜSLI 700G AXA,14,27379.928571428572,23182.5,0.7350692253430658,5
18,MELANGE MARGARIN U/MELK/SALT/SOYA 500G,13,33858.38461538462,18785.0,1.4621400770783712,4
13,GRISSINI 125G GRANFORNO,13,61267.38461538462,54648.0,0.6586128125580397,8
216,Sunnmørsegg,13,12273.0,14673.0,3.680614722751966,2
101,SANDWICH CHEESE HERBS 30G WASA,13,13258.538461538461,6100.0,0.9419878782475567,8
247,MOUNT KENYA FILTERMALT 200G JACOBS,13,48837.38461538462,37740.0,0.7134354994351219,9
182,FRIELE INSTANT 200G,13,22052.46153846154,18966.0,0.6121295775681519,7
277,ALPEN MÜSLI WEETABIX,12,53843.25,55649.0,0.8729459952326311,5
110,BREMYKT 250G,12,57220.583333333336,51279.5,1.8673415862210492,3
10,Jacobs 10 Gårdsegg,12,35222.833333333336,28753.0,2.978527892159105,3
332,COTW LUNGO DARK KAFFEKAPSEL 10STK,12,28928.833333333332,14966.0,0.6501452592461668,9
226,LEKSANDS TREKANT HAVRE 200G,12,13432.25,15957.0,0.9702307892053649,5
294,GRISSINI SALT 125G GRANFORNO,12,62820.5,59088.0,1.442914797299961,9
41,VITA HJERTEGO MYK PLANTEMARGARIN 370G,11,55954.63636363636,80997.0,1.89441023461884,2
203,ROOIBOS TE 20POS LIPTON,11,7514.0,6156.0,1.5390065385663205,4
118,BLÅ JAVA HELE BØNNER 500G JACOBS UTVALGT,11,56650.36363636364,41148.0,0.6283220388029339,8
278,DELICATE CRACKERS SEA SALT 180G WASA,10,36038.9,43055.0,0.7302778404753127,5
176,BORDMARGARIN 400G FIRST PRICE,10,64664.8,63375.5,2.4686125610624305,2
195,Økologiske Egg Brune 6stk,10,13422.9,8640.0,2.1690809820799792,2
4,Økologiske Egg 6stk,10,19818.0,6604.0,2.1101132331795154,2
54,FILTERPOSER NR.4 100STK EVERGOOD,10,87603.7,87477.5,0.7484495032516558,6
126,GRANDE INTENSO 16KAPSLER DOLCE GUSTO,9,32272.333333333332,35308.0,1.09176259310495,7
220,MEIERISMØR 250G BORDPK TINE,9,63394.0,63759.0,2.487138922803023,2
127,FRIELE FROKOST HEL 500G,9,54282.333333333336,47120.0,0.6702137897427501,5
286,EGG L 10STK TOTEN,9,10122.222222222223,9900.0,3.2761160782441383,1
302,MELANGE MARGARIN 250G,9,58781.333333333336,51305.0,2.063227409920298,2
249,COTW BREAKFAST BLEND KAFFEKAPSEL 10STK,9,28002.88888888889,8162.0,0.641447438587497,7
59,MÜSLI BLÅBÆR 630G AXA,8,54896.25,50848.0,0.8077805252737955,6
67,SOFT FLORA ORIGINAL 230G,8,37254.625,37878.0,2.0947364735459226,1
48,SMØREMYK 600G ELDORADO,8,50500.5,35802.5,2.24169348020138,3
322,STEKEMARGARIN 500G FIRST PRICE,8,56363.125,54764.5,1.3284207894629367,2
170,MÜSLI ENERGI 650G AXA,8,21268.125,25720.0,0.7691530976187829,3
166,SJOKOFLAK FROKOSTBLANDING 375G ELDORADO,8,42111.0,41525.0,0.6006245596291183,5
295,MELANGE FLYTENDE 500ML,7,111724.85714285714,118800.0,0.3859890338533725,2
331,SANDWICH PIZZA 37G WASA,7,12671.857142857143,15444.0,0.868927808115675,2
257,SANDWICH BRUNOST 36G WASA,7,24980.0,30400.0,1.9831419088501414,3
98,NIGHT TE 20POS PUKKA,7,31931.85714285714,21390.0,0.6636139926244689,7
301,Gårdsegg fra Fana 10stk,6,74643.16666666667,76249.0,3.3791227976517657,1
248,COTW DARK ROAST KAFFEKAPSEL 10STK,6,17683.333333333332,8178.0,0.5923212816390446,5
28,LADY GREY TE 200G TWININGS,6,32188.5,31704.5,1.3770173943931363,4
58,COTW LUNGO ØKOLOGISK KAFFEKAPSEL 10STK,6,27662.333333333332,19017.0,0.7584341833928011,6
337,FEEL NEW URTETE ØKOLOGISK 20POS PUKKA,6,25481.5,14084.5,0.7162795619675429,5
129,SVARTHAVREGRYN LETTKOKTE 900G DEN SORTE,6,15163.0,9585.0,0.6269625768967874,3
16,CAPPUCCINO 8KAPSLER DOLCE GUSTO,6,16684.0,17888.0,1.1076087766743556,4
163,Galåvolden Store Gårdsegg 6stk,6,48198.5,48882.5,1.901606332624345,1
9,ESPRESSO INTENSO 16KAPSLER DOLCE GUSTO,6,18000.833333333332,14552.5,1.2840916979685522,4
2,FROKOSTRINGER FRUKTSMAK 350G ELDORADO,6,70011.83333333333,58505.0,0.782850323449055,3
55,COTW LUNGO KOFFEINFRI KAFFEKAPSEL 10STK,5,21234.4,14522.0,0.6910295049187403,4
183,KNEKKEBRØD GODT FOR DEG OST 190G SIGDAL,5,19088.4,17732.0,0.9053788874367698,5
165,COTW COLOMBIA EXCELSO KAFFEKAPSEL 10STK,5,16518.2,11645.0,0.8170581550883054,5
353,EXCELSO COLOMBIA FILTERMALT 200G JACOBS,5,31104.6,17702.0,0.6124591073505937,5
125,SJOKOLADEDRIKK 512G RETT I KOPPEN,5,5382.8,5330.0,1.0325947388694914,3
74,NESCAFE BRASERO REFILL 180G,5,57527.4,77832.0,1.0716899519667193,5
112,ESPRESSO ITALIAN HELE BØNNER 500G JACOBS,5,23176.8,22195.0,0.5536868900752776,4
133,ZOEGAS KAFFE SKÅNEROST 450G,5,15022.4,4901.0,3.031942973935835,4
51,Tørresvik Gårdsegg 6stk,5,48193.6,56511.0,2.1561706266213863,1
323,KRUTONGER CHEESE&GARLIC 142G CHATHAM,5,140384.4,103648.0,0.7184307409257679,3
147,ROOIBOS TE ØKOLOGISK 20PS,4,15578.75,11122.5,1.7307795698924733,3
179,SJOKOLADEDRIKK 10X32G RETT I KOPPEN,4,23113.75,16788.5,0.7971909911332773,4
17,KNEKKEBRØD GL.FRI 150G BRISK,4,22108.25,21797.0,0.8553104561252953,4
245,ENGLISH BREAKFAST TEA 200G TWININGS,4,29680.5,5179.5,0.6612089084818932,3
77,BAKEKAKAO 250G REGIA,4,52958.5,53494.0,0.8349269752560635,2
313,FLOTT MATFETT 500G,4,145091.75,123373.5,1.3252396482693958,2
252,SIDAMO ETIOPIA HELE BØNNER 340G COTW,4,31711.5,22515.0,0.6610313985846086,3
124,O'BOY MINDRE SUKKER 500G POSE FREIA,4,39486.25,27327.5,0.6430642306028903,4
159,Galåvolden Store Gårdsegg 10stk,4,53192.75,50596.5,2.492213954494424,1
346,SANDWICH SOUR CREAM&ONION 33G WASA,3,27610.666666666668,27547.0,0.835663803920219,1
288,Sunnmørsegg 10stk,3,17697.0,16800.0,3.299414666564425,1
155,MELANGE FLYTENDE MARGARIN M/SMØR 500ML,3,119875.0,119700.0,0.4273517126148705,1
161,HAVRERINGER 250G SYNNØVE FINDEN,3,30842.0,26875.0,0.624032867784174,2
104,SMØR USALTET 250G TINE,3,28749.666666666668,7693.0,2.7927162241109165,3
119,SOFT FLORA STEKE&BAKE 500G,3,14314.0,14456.0,0.728232695290628,1
156,GRANOLA CRAZELNUT 500G START!,3,37055.333333333336,11952.0,1.3723354933881249,3
319,LIPTON ICETEA PEACH PULVER 50G,3,6805.0,8080.0,1.0132352941176472,3
321,GIFFLAR KANEL 300G PÅGEN,3,31157.666666666668,31140.0,1.1452891895088426,2
299,KAMILLE TE 20POS LIPTON,3,40290.333333333336,7380.0,0.8873712057922584,3
114,CLEAN MATCHA GREEN TE ØKOL 20POS PUKKA,3,12787.333333333334,8188.0,0.9147793418864337,2
254,SMØREMYK MELKEFRI 400G BERIT,2,114353.5,114353.5,2.3899211181553786,1
293,NUTELLA BISCUITS 193G,2,83873.0,83873.0,0.8221364990981099,1
354,GIFFLAR BRINGEBÆR&VANILJE 260G PÅGEN,2,32652.0,32652.0,0.9760752688172043,1
190,EARL GREY TEA ØKOLOGISK 15POS JACOBS,2,14784.0,14784.0,0.6709714898561087,2
276,HVITLØK 100G PK,2,16896.0,16896.0,1.0519425675675675,2
180,MÜSLI PAPAYA GLUTENFRI 350G AXA,2,2594.5,2594.5,1.1965174129353233,2
60,KNEKKEBRØD URTER&HAVSALT GL.FRI 190G,2,11050.0,11050.0,0.2847814498933902,2
90,GRANOLA PEKAN GL.FRI 325G SYNNØVE FINDEN,2,1578.5,1578.5,0.6749571183533447,1
134,EVERGOOD ESPRESSO HELE BØNNER 500G,2,12914.0,12914.0,0.6005039193729003,1
285,Leka Egg 10stk,2,121716.0,121716.0,3.2789870689655176,1
44,KNEKKS KJEKS HAVRE 190G RØROS,2,28773.0,28773.0,1.4892086330935252,1
120,TOM&JERRY KJEKS 175G SÆTRE,2,49668.0,49668.0,0.960693819468482,1
172,FRIELE INSTANT GULL 100G REFILL,2,99898.0,99898.0,0.7850609996064541,1
350,BLÅ JAVA HELE BØNNER 340G COTW,1,54000.0,54000.0,0.6,1
199,GREEN CEYLON TE ØKOLOGISK 24POS CONFECTA,1,2268.0,2268.0,3.111111111111111,1
202,TASSIMO GEVALIA LATTE MACCHIATO KARAMELL,1,58750.0,58750.0,1.0638297872340425,1
154,KRYDDERMIKS SHISH KEBAB 10G POS HINDU,1,2080.0,2080.0,12.307692307692308,1
211,BJØRN HAVREMEL 1KG AXA,1,21750.0,21750.0,2.8735632183908044,1
167,TROPISK AROMA FILTERMALT 200G JACOBS,1,15444.0,15444.0,0.6346153846153846,1
153,FRIELE FROKOST KOFFEINFRI FILTERMALT 250G,1,24720.0,24720.0,0.5825242718446602,1
149,KNEKKEBRØD SESAM&HAVSALT GL.FRI 240G,1,52080.0,52080.0,0.46130952380952384,1
241,SANDWICH CHEESE GRESSLØK 37G WASA,1,131445.0,131445.0,0.905511811023622,1
107,FLAT WHITE 16KAPSLER DOLCE GUSTO,1,63427.0,63427.0,0.7700348432055749,1
274,VESTLANDSLEFSA TØRRE 10STK 360G,1,51072.0,51072.0,1.0178571428571428,1
263,GRANOLA RASPBERRY  500G START!,1,16704.0,16704.0,3.2222222222222223,1
255,LIPTON ICETEA MANGO PULVER 50G,1,9212.0,9212.0,1.0425531914893618,1
116,FROKOSTBLANDING LION 350G NESTLE,1,4950.0,4950.0,0.09777777777777778,1
115,EXCELSO COLOMBIA HELE BØNNER 500G JACOBS,1,36630.0,36630.0,0.9343434343434344,1
258,EXTRA SWEET FRUIT 14G,1,19328.0,19328.0,0.847682119205298,1
123,ASPARGES GRØNN,1,7221.0,7221.0,0.9540229885057471,1
256,KAFFEFILTER PRESSKANNE 25STK EVERGOOD,1,68544.0,68544.0,0.8263888888888888,1
135,GÅRDSEGG EKSTRA STORE 6STK EK,1,104139.0,104139.0,2.9153439153439153,1
140,SURDEIGKJEKS 100G SÆTRES BESTE,1,181350.0,181350.0,0.8387096774193549,1
227,STORFE ENTRECOTE 180G FIRST PRICE,1,1404.0,1404.0,0.10256410256410256,1
234,LANO SÅPE 2X125G,1,4692.0,4692.0,1.803921568627451,1
230,JARLSBERG 27% SKIVET 120G TINE,1,3888.0,3888.0,6.75,1
242,BOG 390G GILDE,1,2835.0,2835.0,1.4,1
279,KNEKKEBRØD NATURELL GL.FRI 240G WASA,1,9881.0,9881.0,5.878048780487805,1
79,PANNEKAKER GROVE STEKTE 480G ÅMLI,1,96954.0,96954.0,1.1853146853146854,1
76,BRUSCHETTA LIGURISK 130G OLIVINO,1,7738.0,7738.0,0.6886792452830188,1
69,DAVE&JON'S DADLER SOUR COLA 125G,1,4588.0,4588.0,0.8378378378378378,1
300,,1,3608.0,3608.0,0.4659090909090909,1
291,PREMIUM DARK ORANGE 100G FREIA,1,3172.0,3172.0,0.8524590163934426,1
91,SANDWICH PESTO 37G WASA,1,14784.0,14784.0,0.8484848484848485,1
94,HAVREGRYN STORE GLUTENFRI 1KG AXA,1,126630.0,126630.0,0.5756929637526652,1
95,EGG M/L ØKOLOGISKE 10STK VILJE,1,106200.0,106200.0,3.389830508474576,1
57,MORENEPOTETER GULE 650G BJERTNÆS&HOEL,1,7100.0,7100.0,1.408450704225352,1
81,GRØNN TE CHAI 25POS TWININGS,1,17160.0,17160.0,2.215909090909091,1
317,POWERKNEKKEBRØD GL.FRI 225G SCHÄR,1,6844.0,6844.0,1.9661016949152543,1
318,PANNEKAKER 6STK ELDORADO,1,79935.0,79935.0,1.6666666666666667,1
310,LIPTON ICETEA LEMON PULVER 50G,1,7426.0,7426.0,1.1898734177215189,1
26,OB PROCOMFORT NORMAL 16ST,1,14496.0,14496.0,0.6357615894039735,1
327,POTETCHIPS SORT TRØFFEL 125G TORRES,1,18281.0,18281.0,1.7920792079207921,1
335,STORFE SHORT RIBS GREATER OMAHA LV,1,1938.0,1938.0,0.14912280701754385,1
