epoch,step,train/loss_bbox,train/loss_bbox_aux_0,train/loss_bbox_aux_1,train/loss_bbox_aux_2,train/loss_bbox_aux_3,train/loss_bbox_aux_4,train/loss_ce,train/loss_ce_aux_0,train/loss_ce_aux_1,train/loss_ce_aux_2,train/loss_ce_aux_3,train/loss_ce_aux_4,train/loss_giou,train/loss_giou_aux_0,train/loss_giou_aux_1,train/loss_giou_aux_2,train/loss_giou_aux_3,train/loss_giou_aux_4,train/loss_total
0,9,5.25847053527832,5.373463153839111,5.922669887542725,5.5819902420043945,5.2287678718566895,5.631746292114258,252.2625732421875,388.5128479003906,311.5030822753906,289.2544860839844,292.4400939941406,277.57183837890625,2.113480567932129,2.127436876296997,2.093557834625244,2.0968711376190186,2.0828697681427,2.0970840454101562,1857.1533203125
3,795,,,,,,,,,,,,,,,,,,,,0.7324607372283936,0.5634408593177795,0.60286945104599,0.563663899898529,0.6904793381690979,0.6113770008087158,1.4903792142868042,1.5024958848953247,1.4911432266235352,1.4904011487960815,1.5018047094345093,1.4978629350662231,1.8152878284454346,1.5717153549194336,1.6482311487197876,1.5668138265609741,1.7774865627288818,1.6501026153564453,22.768016815185547
4,799,0.6031585931777954,0.493554949760437,0.5776952505111694,0.5750927925109863,0.621385395526886,0.6192898750305176,1.312910556793213,1.3224425315856934,1.3295254707336426,1.3120187520980835,1.339424967765808,1.3068406581878662,1.7341645956039429,1.592322826385498,1.7725872993469238,1.6918296813964844,1.7993624210357666,1.6677738428115845,21.67137908935547,,,,,,,,,,,,,,,,,,,
4,809,0.44037318229675293,0.44178006052970886,0.45745599269866943,0.4392194151878357,0.4316234588623047,0.488953173160553,1.409951090812683,1.406851887702942,1.418015718460083,1.421924114227295,1.423499345779419,1.3944461345672607,1.4311587810516357,1.4839266538619995,1.4869885444641113,1.4351567029953003,1.4021110534667969,1.5959798097610474,20.009414672851562,,,,,,,,,,,,,,,,,,,
4,819,0.5236280560493469,0.553670346736908,0.5376694202423096,0.551578164100647,0.562042772769928,0.48401814699172974,1.3804980516433716,1.4104408025741577,1.4016010761260986,1.4139940738677979,1.4102715253829956,1.4045909643173218,1.6652954816818237,1.648128867149353,1.658568024635315,1.7336326837539673,1.6709259748458862,1.6442350149154663,21.6547908782959,,,,,,,,,,,,,,,,,,,
4,829,0.4673200845718384,0.46850496530532837,0.5054140686988831,0.4974258244037628,0.50403892993927,0.47412848472595215,1.6883995532989502,1.674889326095581,1.6750478744506836,1.704768419265747,1.6913013458251953,1.7324644327163696,1.5116066932678223,1.4305286407470703,1.5448641777038574,1.4979393482208252,1.54617440700531,1.4869623184204102,22.10177993774414,,,,,,,,,,,,,,,,,,,
4,839,0.5096870064735413,0.6112564206123352,0.6281030774116516,0.5620522499084473,0.5287580490112305,0.564483642578125,1.5712202787399292,1.4900254011154175,1.5147278308868408,1.534399151802063,1.5819953680038452,1.5343650579452515,1.429134488105774,1.5536799430847168,1.606137990951538,1.4514316320419312,1.3562403917312622,1.4412462711334229,21.468944549560547,,,,,,,,,,,,,,,,,,,
4,849,0.5265195369720459,0.5216789841651917,0.566703200340271,0.5737546682357788,0.5451265573501587,0.5581435561180115,1.421963095664978,1.4069312810897827,1.4456536769866943,1.4313786029815674,1.46439528465271,1.4388084411621094,1.5256022214889526,1.4441031217575073,1.5870375633239746,1.5522981882095337,1.457532525062561,1.5550097227096558,21.022640228271484,,,,,,,,,,,,,,,,,,,
4,859,1.2468539476394653,1.0944464206695557,1.1454215049743652,1.1367793083190918,1.129513144493103,1.156635046005249,1.5470057725906372,1.4598748683929443,1.5010572671890259,1.519020676612854,1.5371381044387817,1.5221716165542603,2.2921202182769775,2.0647222995758057,2.097461462020874,2.087890863418579,2.0448827743530273,2.138680934906006,28.7216739654541,,,,,,,,,,,,,,,,,,,
4,869,0.7868983745574951,0.5845077037811279,0.6023315787315369,0.653972327709198,0.8676075339317322,0.6795215010643005,1.5206853151321411,1.4725868701934814,1.4853181838989258,1.4948623180389404,1.4978440999984741,1.474602460861206,1.9675570726394653,1.8438677787780762,1.7856606245040894,1.8499181270599365,2.0883169174194336,1.8973439931869507,24.553401947021484,,,,,,,,,,,,,,,,,,,
4,879,0.5355983376502991,0.451411634683609,0.5512832403182983,0.5845847129821777,0.4839375913143158,0.5728265643119812,1.6539095640182495,1.6482679843902588,1.6405836343765259,1.6685140132904053,1.6487154960632324,1.6848493814468384,1.5519485473632812,1.4735950231552124,1.6476562023162842,1.6840263605117798,1.4729485511779785,1.6582940816879272,22.612953186035156,,,,,,,,,,,,,,,,,,,
4,889,0.5674722194671631,0.4870774745941162,0.4957079589366913,0.504631757736206,0.4705640971660614,0.48825204372406006,1.4059946537017822,1.4238377809524536,1.3798655271530151,1.4009636640548706,1.4131654500961304,1.4465906620025635,1.5072731971740723,1.3821184635162354,1.3476033210754395,1.3635828495025635,1.3221254348754883,1.2876543998718262,19.694480895996094,,,,,,,,,,,,,,,,,,,
4,899,0.42907482385635376,0.46366018056869507,0.4827035963535309,0.45588260889053345,0.4577312171459198,0.4706379175186157,1.576684832572937,1.55586576461792,1.5527451038360596,1.595544695854187,1.5512033700942993,1.5662320852279663,1.340207815170288,1.4043344259262085,1.5396374464035034,1.43760085105896,1.3993921279907227,1.451503038406372,20.73064613342285,,,,,,,,,,,,,,,,,,,
4,909,0.7744516134262085,0.7822096943855286,0.8066738247871399,0.8113363981246948,0.7616433501243591,0.7174240350723267,1.5613932609558105,1.5391392707824707,1.5686538219451904,1.579606056213379,1.57135808467865,1.6266144514083862,1.6515835523605347,1.7243380546569824,1.730283498764038,1.763922929763794,1.6386079788208008,1.565132737159729,24.17437171936035,,,,,,,,,,,,,,,,,,,
4,919,0.4121406376361847,0.42129582166671753,0.44389963150024414,0.4388182759284973,0.42514926195144653,0.46563729643821716,1.3277525901794434,1.3208116292953491,1.3614169359207153,1.3571957349777222,1.3473756313323975,1.3740912675857544,1.5287822484970093,1.5033694505691528,1.5147145986557007,1.568882703781128,1.5541691780090332,1.6002185344696045,19.965721130371094,,,,,,,,,,,,,,,,,,,
4,929,0.9579463005065918,0.8079856038093567,0.7508798837661743,0.919791579246521,0.9371042251586914,0.9294352531433105,1.3978074789047241,1.4133884906768799,1.4306330680847168,1.4232177734375,1.4186758995056152,1.4138151407241821,2.405348777770996,2.258091449737549,2.2093451023101807,2.3333823680877686,2.4237239360809326,2.354992151260376,27.78556251525879,,,,,,,,,,,,,,,,,,,
4,939,0.4271964728832245,0.46945419907569885,0.4097045063972473,0.40677201747894287,0.4517037272453308,0.46997758746147156,1.469817876815796,1.471284031867981,1.4884282350540161,1.5078924894332886,1.4581024646759033,1.4683527946472168,1.416543960571289,1.4150025844573975,1.3399393558502197,1.2912991046905518,1.3456718921661377,1.3275384902954102,19.634681701660156,,,,,,,,,,,,,,,,,,,
4,949,0.747147798538208,0.6394397616386414,0.6260478496551514,0.6084292531013489,0.7074660062789917,0.7927858829498291,1.485198974609375,1.469782829284668,1.4644477367401123,1.4838744401931763,1.5060806274414062,1.4667154550552368,1.630155086517334,1.3020991086959839,1.3291983604431152,1.273951768875122,1.5102709531784058,1.7178637981414795,21.760953903198242,,,,,,,,,,,,,,,,,,,
4,959,0.5225436687469482,0.5303793549537659,0.5053257942199707,0.5202304720878601,0.5169597864151001,0.48817339539527893,1.7415030002593994,1.6833600997924805,1.6721186637878418,1.747694730758667,1.6864125728607178,1.6800320148468018,1.557638168334961,1.5238616466522217,1.5089309215545654,1.5652151107788086,1.5344233512878418,1.4738519191741943,22.458656311035156,,,,,,,,,,,,,,,,,,,
4,969,0.566230297088623,0.5609326362609863,0.5489321947097778,0.5727798342704773,0.6288228034973145,0.5876096487045288,1.5412827730178833,1.519783616065979,1.480615496635437,1.530413031578064,1.5095422267913818,1.5392603874206543,1.3317888975143433,1.3841503858566284,1.305667519569397,1.3564448356628418,1.5265575647354126,1.4462298154830933,20.937044143676758,,,,,,,,,,,,,,,,,,,
4,979,0.6096410751342773,0.6080667972564697,0.6326124668121338,0.6114283204078674,0.605887770652771,0.6152563691139221,1.4616105556488037,1.470731496810913,1.4716157913208008,1.4470242261886597,1.4482635259628296,1.4818729162216187,1.4518089294433594,1.4205273389816284,1.5050513744354248,1.4247913360595703,1.391554832458496,1.3825626373291016,21.040307998657227,,,,,,,,,,,,,,,,,,,
4,989,1.0082439184188843,0.6870211362838745,0.8062982559204102,0.7378442287445068,0.6659674048423767,0.6919583678245544,1.4360665082931519,1.4240219593048096,1.4469691514968872,1.4291126728057861,1.4511836767196655,1.4443364143371582,2.158733606338501,1.879138708114624,1.974992275238037,1.9116953611373901,1.859152913093567,1.8317136764526367,24.84444808959961,,,,,,,,,,,,,,,,,,,
4,994,,,,,,,,,,,,,,,,,,,,0.5937708616256714,0.5711175799369812,0.5782864689826965,0.5920901894569397,0.5650571584701538,0.5747030973434448,1.4990168809890747,1.4932750463485718,1.491241455078125,1.5078043937683105,1.4867863655090332,1.500626564025879,1.6102395057678223,1.5675090551376343,1.5783016681671143,1.5962940454483032,1.5645629167556763,1.5580902099609375,21.928781509399414
5,999,0.6031157970428467,0.6575772166252136,0.6681413054466248,0.6354120373725891,0.6118279099464417,0.6183217763900757,1.7962956428527832,1.750575304031372,1.8005259037017822,1.841856598854065,1.7949053049087524,1.8086891174316406,1.4234102964401245,1.5172710418701172,1.5897091627120972,1.5709229707717896,1.4408406019210815,1.4654827117919922,23.594881057739258,,,,,,,,,,,,,,,,,,,
5,1009,0.5972540974617004,0.48846814036369324,0.513588547706604,0.5167375206947327,0.618897557258606,0.5744162797927856,1.4153509140014648,1.3881802558898926,1.3906556367874146,1.3898495435714722,1.388377070426941,1.4124139547348022,1.6564735174179077,1.5097037553787231,1.5528322458267212,1.557415246963501,1.7637646198272705,1.575005292892456,21.309385299682617,,,,,,,,,,,,,,,,,,,
5,1019,0.5857320427894592,0.5355297327041626,0.5273889303207397,0.5652636885643005,0.5801204442977905,0.6031491160392761,1.4449880123138428,1.422492504119873,1.4376510381698608,1.4403082132339478,1.426509976387024,1.4332005977630615,1.7647411823272705,1.6863957643508911,1.6766854524612427,1.8102390766143799,1.7284832000732422,1.826838731765747,22.495718002319336,,,,,,,,,,,,,,,,,,,
5,1029,0.4799826741218567,0.47057434916496277,0.4761210083961487,0.46784234046936035,0.507218599319458,0.573454737663269,1.5665266513824463,1.5912353992462158,1.586674690246582,1.585099697113037,1.5979247093200684,1.6585530042648315,1.469882845878601,1.49046790599823,1.4826089143753052,1.4523117542266846,1.5091464519500732,1.6885356903076172,21.654159545898438,,,,,,,,,,,,,,,,,,,
5,1039,0.5574827790260315,0.5134327411651611,0.48433274030685425,0.508098304271698,0.4966657757759094,0.5247219800949097,1.392642617225647,1.4034605026245117,1.41403329372406,1.4099550247192383,1.393725872039795,1.400202751159668,1.484341025352478,1.4916316270828247,1.4406558275222778,1.4956659078598022,1.4366381168365479,1.4412678480148315,20.288951873779297,,,,,,,,,,,,,,,,,,,
5,1049,0.547972559928894,0.49959197640419006,0.5280177593231201,0.5008333325386047,0.5388069152832031,0.5790933966636658,1.5567299127578735,1.6391957998275757,1.6202740669250488,1.6477723121643066,1.5944843292236328,1.6158033609390259,1.2521997690200806,1.1977753639221191,1.2198021411895752,1.1867704391479492,1.2316166162490845,1.3732433319091797,20.32998275756836,,,,,,,,,,,,,,,,,,,
5,1059,0.5744286179542542,0.7736048698425293,0.7090520858764648,0.7299762964248657,0.6668932437896729,0.7967830896377563,1.3803303241729736,1.3873751163482666,1.38566255569458,1.3834151029586792,1.3877533674240112,1.3957568407058716,1.7188265323638916,1.9684937000274658,1.8640793561935425,1.899915337562561,1.7950321435928345,2.0017921924591064,23.81917381286621,,,,,,,,,,,,,,,,,,,
5,1069,0.44228091835975647,0.3980922996997833,0.38852038979530334,0.38227829337120056,0.38335156440734863,0.41054123640060425,1.4261596202850342,1.4004204273223877,1.4409172534942627,1.4158313274383545,1.4647517204284668,1.432571291923523,1.583899736404419,1.3805196285247803,1.4121718406677246,1.4871222972869873,1.4950690269470215,1.4663487672805786,19.810848236083984,,,,,,,,,,,,,,,,,,,
5,1079,0.6157631874084473,0.5140436291694641,0.5240241289138794,0.534751296043396,0.5606859922409058,0.6346443891525269,1.5201045274734497,1.49814772605896,1.50705087184906,1.5104914903640747,1.5260076522827148,1.5155633687973022,1.7190088033676147,1.6202263832092285,1.6627826690673828,1.6695071458816528,1.6553010940551758,1.7568336725234985,22.544939041137695,,,,,,,,,,,,,,,,,,,
5,1089,0.6457991003990173,0.4956319332122803,0.6247894167900085,0.7559233903884888,0.5281678438186646,0.6445322036743164,1.4177346229553223,1.4704513549804688,1.459828495979309,1.4538302421569824,1.4579882621765137,1.4488847255706787,1.9305317401885986,1.7249351739883423,1.9590872526168823,2.0998854637145996,1.7586265802383423,1.87362802028656,23.75025749206543,,,,,,,,,,,,,,,,,,,
5,1099,0.3436794579029083,0.4128788113594055,0.3585625886917114,0.40347403287887573,0.36920487880706787,0.3565910756587982,1.3617984056472778,1.4405043125152588,1.4157952070236206,1.4040151834487915,1.3764426708221436,1.3777575492858887,1.5836189985275269,1.6269598007202148,1.588378667831421,1.6260502338409424,1.6466606855392456,1.635069489479065,20.32744026184082,,,,,,,,,,,,,,,,,,,
5,1109,0.4320279061794281,0.39025482535362244,0.36860525608062744,0.366438627243042,0.38387739658355713,0.40457484126091003,1.3445066213607788,1.3435367345809937,1.3601216077804565,1.3422355651855469,1.3403807878494263,1.3511111736297607,1.7231848239898682,1.5637707710266113,1.5620429515838623,1.5699963569641113,1.5715851783752441,1.617605209350586,20.035856246948242,,,,,,,,,,,,,,,,,,,
5,1119,0.5335763096809387,0.506727397441864,0.506841242313385,0.566609799861908,0.5321995615959167,0.5780779719352722,2.2449870109558105,2.1625049114227295,2.2852325439453125,2.329977512359619,2.553480625152588,2.472341537475586,1.3874244689941406,1.2692168951034546,1.3127613067626953,1.375741958618164,1.3192527294158936,1.476055383682251,25.413007736206055,,,,,,,,,,,,,,,,,,,
5,1129,0.6015123128890991,0.5681764483451843,0.5998576283454895,0.6997516751289368,0.5816227793693542,0.6351101398468018,1.458178997039795,1.479745626449585,1.4691498279571533,1.4986283779144287,1.4948713779449463,1.4965927600860596,1.7341995239257812,1.6921367645263672,1.7062712907791138,1.8398375511169434,1.681875467300415,1.8146942853927612,23.052213668823242,,,,,,,,,,,,,,,,,,,
5,1139,0.6427664756774902,0.6131765842437744,0.6481088399887085,0.6086254715919495,0.5991782546043396,0.6193130016326904,1.353057622909546,1.3398218154907227,1.3328338861465454,1.3509725332260132,1.3642144203186035,1.372071385383606,1.8554261922836304,1.7444262504577637,1.8590587377548218,1.7166566848754883,1.7904059886932373,1.852744698524475,22.662857055664062,,,,,,,,,,,,,,,,,,,
5,1149,0.40058445930480957,0.4087495803833008,0.4276468753814697,0.43879345059394836,0.40686941146850586,0.407108336687088,1.3499152660369873,1.3130218982696533,1.3226181268692017,1.3252012729644775,1.3187415599822998,1.3243025541305542,1.3521010875701904,1.3794522285461426,1.3982820510864258,1.474247932434082,1.3873831033706665,1.3820990324020386,18.81711769104004,,,,,,,,,,,,,,,,,,,
5,1159,0.47454243898391724,0.4736006259918213,0.498426228761673,0.4726915955543518,0.5628408789634705,0.4775509834289551,1.4156328439712524,1.4308196306228638,1.4087458848953247,1.3997633457183838,1.4222309589385986,1.4182361364364624,1.378076434135437,1.3565285205841064,1.3922882080078125,1.4243844747543335,1.569585919380188,1.4251221418380737,20.00106430053711,,,,,,,,,,,,,,,,,,,
5,1169,0.7692306041717529,0.6143447160720825,0.6106376051902771,0.6745790243148804,0.6575236320495605,0.962648868560791,1.5433847904205322,1.5395593643188477,1.5536314249038696,1.5721826553344727,1.5521373748779297,1.5345196723937988,1.8752100467681885,1.666220784187317,1.6732150316238403,1.743970513343811,1.7130091190338135,2.0251083374023438,24.281112670898438,,,,,,,,,,,,,,,,,,,
5,1179,0.8596917986869812,0.7866828441619873,0.7775411605834961,0.8556246757507324,0.8287214636802673,0.8280736207962036,1.8192380666732788,1.8872084617614746,1.776204228401184,1.7737091779708862,1.873319149017334,1.8313612937927246,1.5344700813293457,1.4507302045822144,1.4543266296386719,1.5298058986663818,1.4222626686096191,1.4787031412124634,24.767675399780273,,,,,,,,,,,,,,,,,,,
5,1189,0.5708878040313721,0.5129993557929993,0.4867672324180603,0.4325721263885498,0.48082107305526733,0.7542497515678406,1.380811095237732,1.4110684394836426,1.4049979448318481,1.4058769941329956,1.4010945558547974,1.3896585702896118,1.9070600271224976,1.883604884147644,1.8096883296966553,1.7592371702194214,1.8260945081710815,2.2078490257263184,23.025339126586914,,,,,,,,,,,,,,,,,,,
5,1193,,,,,,,,,,,,,,,,,,,,0.5751075148582458,0.5649880170822144,0.5823889374732971,0.5812363028526306,0.6138265132904053,0.578097403049469,1.487953782081604,1.5065892934799194,1.4912388324737549,1.483636498451233,1.4869906902313232,1.4951967000961304,1.6347702741622925,1.5993274450302124,1.6499125957489014,1.6517136096954346,1.7200413942337036,1.636721134185791,22.339740753173828
6,1199,0.3964858651161194,0.39164429903030396,0.3761613070964813,0.39765745401382446,0.3790758550167084,0.4099646210670471,1.409516453742981,1.411521315574646,1.422437310218811,1.4090003967285156,1.4251163005828857,1.4254488945007324,1.4564391374588013,1.4886020421981812,1.4751191139221191,1.5579547882080078,1.5058152675628662,1.5225286483764648,19.860488891601562,,,,,,,,,,,,,,,,,,,
6,1209,0.7549475431442261,0.73822021484375,0.6515670418739319,0.6986901760101318,0.6852161288261414,0.7574503421783447,1.643499493598938,1.6312243938446045,1.6423115730285645,1.642747402191162,1.7132917642593384,1.6549674272537231,1.5182974338531494,1.4942107200622559,1.3848940134048462,1.454154372215271,1.4544416666030884,1.4760736227035522,22.99620819091797,,,,,,,,,,,,,,,,,,,
6,1219,0.4777148962020874,0.4144464433193207,0.4272499084472656,0.43956682085990906,0.43780598044395447,0.46396392583847046,1.643555998802185,1.6570625305175781,1.6720094680786133,1.677161455154419,1.6619104146957397,1.6351871490478516,1.66218101978302,1.422336459159851,1.4895445108413696,1.4432158470153809,1.4900624752044678,1.587063193321228,21.702037811279297,,,,,,,,,,,,,,,,,,,
6,1229,0.6740362644195557,0.6568818688392639,0.6952133178710938,0.6229849457740784,0.7987679243087769,0.7079840898513794,1.3528189659118652,1.3303732872009277,1.3501332998275757,1.341397762298584,1.3588104248046875,1.350530743598938,1.770399808883667,1.7658767700195312,1.7998689413070679,1.6990832090377808,1.9302351474761963,1.7825779914855957,22.987972259521484,,,,,,,,,,,,,,,,,,,
6,1239,0.7691751718521118,0.7179167866706848,0.6264054179191589,0.714907169342041,0.6542438864707947,0.7829040884971619,1.525086522102356,1.504152774810791,1.4684895277023315,1.5027680397033691,1.4932975769042969,1.4825869798660278,1.9945966005325317,1.8853658437728882,1.7739509344100952,1.8960930109024048,1.8420684337615967,1.8870155811309814,24.521024703979492,,,,,,,,,,,,,,,,,,,
6,1249,0.9578877091407776,0.9678680300712585,0.9642476439476013,0.9729366898536682,0.9186546802520752,0.9968054294586182,1.5928270816802979,1.5229556560516357,1.5829963684082031,1.5267398357391357,1.5311912298202515,1.554701805114746,1.742599368095398,1.788722038269043,1.7902932167053223,1.8153092861175537,1.7977850437164307,1.8312371969223022,25.855756759643555,,,,,,,,,,,,,,,,,,,
6,1259,0.567901611328125,0.5675565004348755,0.5853501558303833,0.5833621621131897,0.5751516819000244,0.5642246007919312,1.7051208019256592,1.6692653894424438,1.688212513923645,1.7098785638809204,1.7175487279891968,1.6666336059570312,1.359403133392334,1.3263888359069824,1.4149104356765747,1.4019498825073242,1.3997777700424194,1.3637117147445679,21.866350173950195,,,,,,,,,,,,,,,,,,,
6,1269,0.5143842697143555,0.5372762084007263,0.5180622339248657,0.5379247665405273,0.551288366317749,0.5474753379821777,1.4566121101379395,1.434960961341858,1.4612311124801636,1.462979793548584,1.4795265197753906,1.4908279180526733,1.292478322982788,1.3324787616729736,1.301080346107483,1.3450405597686768,1.3947540521621704,1.3216326236724854,19.98001480102539,,,,,,,,,,,,,,,,,,,
6,1279,0.40432608127593994,0.4213722050189972,0.41254723072052,0.4036152958869934,0.3684757649898529,0.4170929789543152,1.399664282798767,1.4012893438339233,1.4117209911346436,1.4126611948013306,1.4399197101593018,1.4114807844161987,1.2938828468322754,1.3839569091796875,1.3142013549804688,1.305877685546875,1.1882548332214355,1.3486011028289795,18.73893928527832,,,,,,,,,,,,,,,,,,,
6,1289,0.50035160779953,0.4196993112564087,0.4333759546279907,0.515499472618103,0.4563525915145874,0.44544845819473267,1.258582353591919,1.2663313150405884,1.2691595554351807,1.2618522644042969,1.2452564239501953,1.2563918828964233,1.6880921125411987,1.5330514907836914,1.524670958518982,1.7356654405593872,1.562159776687622,1.5963165760040283,19.9682559967041,,,,,,,,,,,,,,,,,,,
6,1299,0.42157280445098877,0.4540499746799469,0.44252070784568787,0.4498988091945648,0.4619244337081909,0.46662282943725586,1.6025537252426147,1.5969558954238892,1.6083674430847168,1.5712084770202637,1.5862406492233276,1.6160186529159546,1.1663589477539062,1.2158502340316772,1.2164368629455566,1.2310627698898315,1.2295963764190674,1.265229344367981,19.60247039794922,,,,,,,,,,,,,,,,,,,
6,1309,0.5204660296440125,0.5286765694618225,0.539426863193512,0.5920878052711487,0.536794126033783,0.5487001538276672,1.3768709897994995,1.3638821840286255,1.3757357597351074,1.419454574584961,1.4073232412338257,1.3951189517974854,1.4790345430374146,1.4948500394821167,1.4460582733154297,1.5183708667755127,1.5773590803146362,1.4453471899032593,20.565555572509766,,,,,,,,,,,,,,,,,,,
6,1319,0.37977468967437744,0.37314340472221375,0.4071301221847534,0.38270261883735657,0.3882025480270386,0.3679419755935669,1.4338433742523193,1.4951887130737305,1.4922593832015991,1.4895806312561035,1.4805221557617188,1.4940776824951172,1.1582422256469727,1.1022801399230957,1.2421550750732422,1.1329346895217896,1.197562336921692,1.2070703506469727,18.224613189697266,,,,,,,,,,,,,,,,,,,
6,1329,0.5319894552230835,0.5253584980964661,0.5486612319946289,0.5725594758987427,0.5940994620323181,0.5124163031578064,1.3609336614608765,1.3860127925872803,1.392160177230835,1.4093451499938965,1.3957489728927612,1.394122838973999,1.5748629570007324,1.6161983013153076,1.6349327564239502,1.6712015867233276,1.6687538623809814,1.5983415842056274,21.3877010345459,,,,,,,,,,,,,,,,,,,
6,1339,0.5955843329429626,0.591092050075531,0.6318759322166443,0.6618190407752991,0.6026803255081177,0.5807560086250305,1.334574818611145,1.3803431987762451,1.3799254894256592,1.35805082321167,1.3459959030151367,1.355519413948059,1.7902555465698242,1.7564829587936401,1.7646431922912598,1.7982529401779175,1.761518120765686,1.7802773714065552,22.469648361206055,,,,,,,,,,,,,,,,,,,
6,1349,0.5269733667373657,0.4781351685523987,0.55009526014328,0.5197919011116028,0.7921402454376221,0.573817253112793,1.339937448501587,1.343971848487854,1.321790099143982,1.3628419637680054,1.3566114902496338,1.3397560119628906,1.6005964279174805,1.4657665491104126,1.6099164485931396,1.511732816696167,1.887359619140625,1.6495919227600098,21.230825424194336,,,,,,,,,,,,,,,,,,,
6,1359,0.4900340735912323,0.4709184169769287,0.4868068993091583,0.4868783950805664,0.551628053188324,0.5090915560722351,1.3315558433532715,1.3281147480010986,1.3459664583206177,1.3485467433929443,1.3184627294540405,1.3584293127059937,1.5439180135726929,1.490472435951233,1.5004035234451294,1.5022640228271484,1.5746914148330688,1.545106291770935,20.183290481567383,,,,,,,,,,,,,,,,,,,
6,1369,0.9317362904548645,0.9485502243041992,0.9134808778762817,0.9718733429908752,0.934985339641571,0.8919865489006042,1.466994047164917,1.4635437726974487,1.4512308835983276,1.500166416168213,1.499508261680603,1.4743744134902954,1.8174384832382202,1.828077793121338,1.8044097423553467,1.9017077684402466,1.8616864681243896,1.8117485046386719,25.473501205444336,,,,,,,,,,,,,,,,,,,
6,1379,0.5871928930282593,0.5948261022567749,0.5996264219284058,0.5779485702514648,0.6181495189666748,0.5538613200187683,1.5268592834472656,1.5235106945037842,1.5349451303482056,1.5355678796768188,1.530127763748169,1.5263237953186035,1.399796962738037,1.4402575492858887,1.4801509380340576,1.4054738283157349,1.4977748394012451,1.3728948831558228,21.305288314819336,,,,,,,,,,,,,,,,,,,
6,1389,0.5614448189735413,0.5682674050331116,0.5576484799385071,0.5796895027160645,0.5446352362632751,0.5573904514312744,1.3602296113967896,1.4301557540893555,1.3943442106246948,1.4127393960952759,1.408894658088684,1.403058409690857,1.6547555923461914,1.6908526420593262,1.6525349617004395,1.6914607286453247,1.6428704261779785,1.6355758905410767,21.746549606323242,,,,,,,,,,,,,,,,,,,
6,1392,,,,,,,,,,,,,,,,,,,,0.58013516664505,0.5563083291053772,0.5653223991394043,0.5653999447822571,0.5742437839508057,0.5651419162750244,1.470938801765442,1.4986073970794678,1.477089524269104,1.4903448820114136,1.4775816202163696,1.4776732921600342,1.571976900100708,1.5341815948486328,1.5499393939971924,1.5297253131866455,1.5543537139892578,1.5395267009735107,21.5784912109375
7,1399,0.4158245027065277,0.4157460331916809,0.43780073523521423,0.4442583918571472,0.4200572371482849,0.40469563007354736,1.5056499242782593,1.528662919998169,1.4975582361221313,1.5406841039657593,1.5050549507141113,1.5026522874832153,1.4202922582626343,1.4199669361114502,1.4684853553771973,1.508538007736206,1.4445604085922241,1.4802924394607544,20.360782623291016,,,,,,,,,,,,,,,,,,,
7,1409,0.7120757102966309,0.6380025148391724,0.5974077582359314,0.6539998054504395,0.5743319988250732,0.830756664276123,1.2932547330856323,1.3049503564834595,1.2954652309417725,1.3093856573104858,1.3154404163360596,1.2979010343551636,1.8159863948822021,1.7425611019134521,1.671313762664795,1.8174941539764404,1.6643034219741821,1.9807703495025635,22.515399932861328,,,,,,,,,,,,,,,,,,,
7,1419,0.5182892084121704,0.5870896577835083,0.5832196474075317,0.590925931930542,0.5968793630599976,0.579322099685669,1.621631383895874,1.6463212966918945,1.6248760223388672,1.6081892251968384,1.5834108591079712,1.570448875427246,1.1770883798599243,1.3472422361373901,1.293997049331665,1.33878493309021,1.320633888244629,1.331690788269043,20.9200439453125,,,,,,,,,,,,,,,,,,,
7,1429,0.39549800753593445,0.3926602303981781,0.40896713733673096,0.42940783500671387,0.39359503984451294,0.44747549295425415,1.3203641176223755,1.3474116325378418,1.3223503828048706,1.3213452100753784,1.3207591772079468,1.3151911497116089,1.398956537246704,1.3402177095413208,1.3139405250549316,1.3353502750396729,1.3196709156036377,1.3938945531845093,18.517053604125977,,,,,,,,,,,,,,,,,,,
7,1439,0.35988885164260864,0.37141668796539307,0.3863765299320221,0.4155566990375519,0.4463880956172943,0.42950302362442017,1.4552497863769531,1.4836252927780151,1.4520950317382812,1.4791258573532104,1.465366244316101,1.4904202222824097,1.2290575504302979,1.2722221612930298,1.211286187171936,1.287591576576233,1.3761459589004517,1.3393577337265015,18.950674057006836,,,,,,,,,,,,,,,,,,,
7,1449,0.45865875482559204,0.435768723487854,0.4290841221809387,0.4431911110877991,0.47595444321632385,0.4359091818332672,1.2928627729415894,1.3185428380966187,1.3047959804534912,1.331058144569397,1.3216302394866943,1.3424052000045776,1.5574262142181396,1.5651308298110962,1.5302232503890991,1.5999542474746704,1.5222991704940796,1.552828073501587,19.917722702026367,,,,,,,,,,,,,,,,,,,
7,1459,0.49496716260910034,0.5327820777893066,0.4995458126068115,0.5250524878501892,0.5497641563415527,0.5325648188591003,1.539359450340271,1.5559152364730835,1.572106122970581,1.5735810995101929,1.5560468435287476,1.535327672958374,1.2771891355514526,1.3038963079452515,1.3310062885284424,1.3099173307418823,1.3990514278411865,1.2839233875274658,20.37199592590332,,,,,,,,,,,,,,,,,,,
7,1469,0.43388786911964417,0.44564294815063477,0.4232954680919647,0.43735209107398987,0.40268564224243164,0.4352779686450958,1.5307507514953613,1.585342288017273,1.550260066986084,1.5820108652114868,1.55284583568573,1.5396974086761475,1.4025911092758179,1.4543277025222778,1.3774797916412354,1.4394896030426025,1.3479962348937988,1.4166650772094727,20.35759735107422,,,,,,,,,,,,,,,,,,,
7,1479,0.6072946786880493,0.604040265083313,0.5589578747749329,0.6121053099632263,0.6098510026931763,0.5988224744796753,1.3514958620071411,1.3633383512496948,1.3548027276992798,1.3824419975280762,1.3387646675109863,1.3534303903579712,1.7362843751907349,1.7764434814453125,1.7284224033355713,1.7741851806640625,1.7546356916427612,1.757097601890564,22.262413024902344,,,,,,,,,,,,,,,,,,,
7,1489,0.4970192611217499,0.48159193992614746,0.46511366963386536,0.4518556296825409,0.4596157371997833,0.5398693084716797,1.339826226234436,1.3681962490081787,1.3587985038757324,1.355924367904663,1.345128059387207,1.3449426889419556,1.6160520315170288,1.6284860372543335,1.5834020376205444,1.5546573400497437,1.578876256942749,1.7376320362091064,20.706987380981445,,,,,,,,,,,,,,,,,,,
7,1499,0.8358156681060791,0.5154215097427368,0.49566999077796936,0.5302317142486572,0.528812050819397,0.563240110874176,1.4935102462768555,1.5390616655349731,1.5090097188949585,1.5372798442840576,1.5141122341156006,1.5290091037750244,1.8274633884429932,1.4866799116134644,1.5158883333206177,1.5289961099624634,1.5463244915008545,1.6047260761260986,22.10125160217285,,,,,,,,,,,,,,,,,,,
7,1509,0.443667471408844,0.4547746181488037,0.42842817306518555,0.3989482522010803,0.44615891575813293,0.44975578784942627,1.3484301567077637,1.3709156513214111,1.3886938095092773,1.3841437101364136,1.389319896697998,1.360649585723877,1.2435309886932373,1.261845350265503,1.2486767768859863,1.202879548072815,1.2966219186782837,1.2661937475204468,18.383636474609375,,,,,,,,,,,,,,,,,,,
7,1519,0.8875074982643127,0.8336567878723145,0.7867919206619263,0.8901922702789307,0.8955836296081543,0.7721613645553589,1.3301504850387573,1.3510679006576538,1.3478624820709229,1.3387969732284546,1.3264271020889282,1.337309718132019,2.1821606159210205,2.125182628631592,2.0815746784210205,2.1830835342407227,2.1823346614837646,2.036000967025757,25.887845993041992,,,,,,,,,,,,,,,,,,,
7,1529,0.4527781903743744,0.47621405124664307,0.40392887592315674,0.4619957506656647,0.467428594827652,0.4622192680835724,1.3695794343948364,1.3866294622421265,1.4011828899383545,1.3862870931625366,1.3853821754455566,1.37099027633667,1.7349998950958252,1.7650376558303833,1.6284067630767822,1.680245041847229,1.720971703529358,1.7571460008621216,21.311424255371094,,,,,,,,,,,,,,,,,,,
7,1539,0.36883819103240967,0.3798947036266327,0.38291648030281067,0.5883458852767944,0.4056006371974945,0.39319151639938354,1.475798487663269,1.4964841604232788,1.4811147451400757,1.513729453086853,1.4760581254959106,1.4746555089950562,1.4157809019088745,1.4178670644760132,1.420018196105957,1.7828595638275146,1.4894287586212158,1.4827388525009155,20.44532012939453,,,,,,,,,,,,,,,,,,,
7,1549,0.5180137753486633,0.48180314898490906,0.5674225687980652,0.4630645513534546,0.5514897108078003,0.46259188652038574,1.434848427772522,1.404595136642456,1.4149349927902222,1.4148656129837036,1.4097191095352173,1.4292576313018799,1.5387446880340576,1.4842405319213867,1.5925071239471436,1.40359365940094,1.6234413385391235,1.41327702999115,20.60841178894043,,,,,,,,,,,,,,,,,,,
7,1559,0.449601948261261,0.4579389691352844,0.4362703859806061,0.48837345838546753,0.5050697326660156,0.47510647773742676,1.5240610837936401,1.534714698791504,1.5504591464996338,1.5559415817260742,1.574862003326416,1.5399258136749268,1.1684690713882446,1.190749168395996,1.177713394165039,1.3087257146835327,1.3235044479370117,1.223461389541626,19.48495101928711,,,,,,,,,,,,,,,,,,,
7,1569,0.5320227146148682,0.5229082107543945,0.5462913513183594,0.532489538192749,0.5904399752616882,0.5886231064796448,1.517068862915039,1.4792792797088623,1.515639305114746,1.521179437637329,1.5492571592330933,1.5366764068603516,1.3824282884597778,1.3960132598876953,1.455682396888733,1.330412745475769,1.4534341096878052,1.4684078693389893,20.918254852294922,,,,,,,,,,,,,,,,,,,
7,1579,0.48659977316856384,0.44878843426704407,0.4429159164428711,0.4381542205810547,0.45830637216567993,0.4424670338630676,1.4540331363677979,1.4893049001693726,1.4936894178390503,1.4839460849761963,1.4640816450119019,1.4776737689971924,1.4461426734924316,1.3760894536972046,1.3487993478775024,1.3460825681686401,1.3906326293945312,1.3593357801437378,19.847042083740234,,,,,,,,,,,,,,,,,,,
7,1589,0.7004323601722717,0.4919314980506897,0.5015642642974854,0.5806562900543213,0.5948371291160583,0.5784099102020264,1.4264219999313354,1.4454317092895508,1.4540016651153564,1.4788715839385986,1.4407553672790527,1.44926917552948,1.9188321828842163,1.6343897581100464,1.6760655641555786,1.766345739364624,1.7988331317901611,1.8329001665115356,22.769948959350586,,,,,,,,,,,,,,,,,,,
7,1591,,,,,,,,,,,,,,,,,,,,0.6259310245513916,0.5685172080993652,0.5766217112541199,0.6478482484817505,0.6160305142402649,0.584316611289978,1.475541353225708,1.5003858804702759,1.5019288063049316,1.5312554836273193,1.5001769065856934,1.479183554649353,1.600028395652771,1.526036024093628,1.5259634256362915,1.6305023431777954,1.576162576675415,1.5498137474060059,22.01624298095703
8,1599,0.6927475929260254,0.6435478329658508,0.6444302201271057,0.6236464381217957,0.6827075481414795,0.6059219837188721,1.3813483715057373,1.4152251482009888,1.4188252687454224,1.4069265127182007,1.3693811893463135,1.376946210861206,1.6973177194595337,1.6973192691802979,1.717124342918396,1.6382313966751099,1.7099558115005493,1.6775915622711182,22.399192810058594,,,,,,,,,,,,,,,,,,,
8,1609,0.49808546900749207,0.4748775064945221,0.4759594798088074,0.47636038064956665,0.4773207902908325,0.5089959502220154,1.6431177854537964,1.6719889640808105,1.6395375728607178,1.6688052415847778,1.6061503887176514,1.648013710975647,1.4990167617797852,1.4159042835235596,1.4283692836761475,1.3979787826538086,1.4321883916854858,1.5499968528747559,21.51266860961914,,,,,,,,,,,,,,,,,,,
8,1619,0.5049715042114258,0.5246686339378357,0.505743682384491,0.5193648338317871,0.5057675242424011,0.5059064626693726,1.3591904640197754,1.3748420476913452,1.3771768808364868,1.3533271551132202,1.3962043523788452,1.353071928024292,1.4462356567382812,1.5542140007019043,1.4673405885696411,1.5078175067901611,1.4761923551559448,1.4386366605758667,20.170671463012695,,,,,,,,,,,,,,,,,,,
8,1629,0.4914913773536682,0.4523732662200928,0.4664306044578552,0.45274075865745544,0.489353209733963,0.4534786343574524,1.683205485343933,1.6410268545150757,1.6177754402160645,1.6585164070129395,1.6448135375976562,1.6512560844421387,1.5455671548843384,1.4045963287353516,1.4434458017349243,1.4094011783599854,1.4509718418121338,1.4092291593551636,21.36567497253418,,,,,,,,,,,,,,,,,,,
8,1639,0.49376505613327026,0.5529983639717102,0.4981346130371094,0.5016046166419983,0.5472221374511719,0.47976043820381165,1.4062871932983398,1.4309488534927368,1.4178555011749268,1.4223756790161133,1.3969522714614868,1.3996690511703491,1.885498046875,1.975997805595398,1.8369802236557007,1.843401312828064,1.8973939418792725,1.8588871955871582,22.845733642578125,,,,,,,,,,,,,,,,,,,
8,1649,0.42830410599708557,0.4567960500717163,0.4695815443992615,0.46303215622901917,0.4732755422592163,0.44858670234680176,1.337815284729004,1.339907169342041,1.3498411178588867,1.3396151065826416,1.3622967004776,1.3316279649734497,1.5687460899353027,1.5917141437530518,1.5671541690826416,1.5739864110946655,1.6057175397872925,1.6071313619613647,20.31513023376465,,,,,,,,,,,,,,,,,,,
8,1659,0.46527087688446045,0.39549827575683594,0.4106576442718506,0.39857742190361023,0.41784191131591797,0.46040135622024536,1.394107699394226,1.532660722732544,1.5455045700073242,1.5055538415908813,1.514604926109314,1.4587271213531494,1.4016973972320557,1.2723671197891235,1.430701732635498,1.343569040298462,1.317750096321106,1.3926870822906494,19.658180236816406,,,,,,,,,,,,,,,,,,,
8,1669,0.458474338054657,0.4465281367301941,0.45591187477111816,0.41286981105804443,0.46908456087112427,0.4645734429359436,1.4455572366714478,1.5404226779937744,1.5188106298446655,1.5062679052352905,1.492905616760254,1.537824273109436,1.2245440483093262,1.2381552457809448,1.265623688697815,1.1558879613876343,1.2871463298797607,1.2831006050109863,19.20368766784668,,,,,,,,,,,,,,,,,,,
8,1679,0.4748081862926483,0.4555642008781433,0.4641476571559906,0.4513387382030487,0.4551193118095398,0.46548858284950256,1.566445231437683,1.5890439748764038,1.617755651473999,1.631028413772583,1.5828322172164917,1.5875107049942017,1.5203759670257568,1.4672255516052246,1.5048569440841675,1.4817471504211426,1.5380702018737793,1.5598812103271484,21.413240432739258,,,,,,,,,,,,,,,,,,,
8,1689,0.6094361543655396,0.5874571800231934,0.5660057663917542,0.5325952172279358,0.5580126643180847,0.6011518836021423,1.3230961561203003,1.3460274934768677,1.3387778997421265,1.3688191175460815,1.3425325155258179,1.3527730703353882,1.8763306140899658,1.8039497137069702,1.7764605283737183,1.747535228729248,1.7471486330032349,1.8803476095199585,22.35845947265625,,,,,,,,,,,,,,,,,,,
8,1699,0.48073744773864746,0.45664864778518677,0.5020371675491333,0.427804172039032,0.44162842631340027,0.45495104789733887,1.4026294946670532,1.4272202253341675,1.4036484956741333,1.3823620080947876,1.4058438539505005,1.3953838348388672,1.5461540222167969,1.4879646301269531,1.5470374822616577,1.4635722637176514,1.510511040687561,1.513056755065918,20.249191284179688,,,,,,,,,,,,,,,,,,,
8,1709,0.5033933520317078,0.5461893081665039,0.5364165306091309,0.5433481335639954,0.5589503645896912,0.5167067050933838,1.6095573902130127,1.5792360305786133,1.5841171741485596,1.5579609870910645,1.5389701128005981,1.5602943897247314,1.283800721168518,1.3211699724197388,1.2898833751678467,1.3700004816055298,1.3783625364303589,1.2974958419799805,20.575855255126953,,,,,,,,,,,,,,,,,,,
8,1719,0.564145565032959,0.5670120120048523,0.6094506978988647,0.5758246183395386,0.5944349765777588,0.5370473265647888,1.34784996509552,1.3938380479812622,1.3395681381225586,1.3704482316970825,1.3470942974090576,1.3666538000106812,1.5918936729431152,1.548092007637024,1.6280754804611206,1.5844972133636475,1.6022487878799438,1.595334768295288,21.163509368896484,,,,,,,,,,,,,,,,,,,
8,1729,0.40748491883277893,0.42038217186927795,0.42093658447265625,0.4358953833580017,0.4289587140083313,0.44577327370643616,1.263070821762085,1.2525924444198608,1.2765215635299683,1.2370141744613647,1.25644052028656,1.2572829723358154,1.624889612197876,1.6275278329849243,1.5935895442962646,1.6239908933639526,1.5904690027236938,1.652256727218628,19.815074920654297,,,,,,,,,,,,,,,,,,,
8,1739,0.5016658902168274,0.5154860019683838,0.46991050243377686,0.4689517021179199,0.44408196210861206,0.47605568170547485,1.547194480895996,1.526800513267517,1.5488159656524658,1.5814365148544312,1.570885181427002,1.5605396032333374,1.3867261409759521,1.3555209636688232,1.2462214231491089,1.2424226999282837,1.1968798637390137,1.2528948783874512,19.89249038696289,,,,,,,,,,,,,,,,,,,
8,1749,0.8107081055641174,0.823743999004364,0.7999066114425659,0.7955830097198486,0.8833431005477905,0.8156898617744446,1.6558376550674438,1.6284667253494263,1.6518570184707642,1.6229931116104126,1.6562224626541138,1.630732774734497,1.704297423362732,1.7232513427734375,1.6855319738388062,1.7386553287506104,1.8415709733963013,1.7829318046569824,25.251325607299805,,,,,,,,,,,,,,,,,,,
8,1759,0.6154842376708984,0.5872886180877686,0.5639121532440186,0.6046960353851318,0.584649384021759,0.6288325786590576,1.6236904859542847,1.6364741325378418,1.6332944631576538,1.5996907949447632,1.5783590078353882,1.5562390089035034,1.3379602432250977,1.2690595388412476,1.2421058416366577,1.255192518234253,1.2247092723846436,1.3192797899246216,20.860916137695312,,,,,,,,,,,,,,,,,,,
8,1769,0.5122371912002563,0.46145325899124146,0.48501336574554443,0.4778147041797638,0.5017602443695068,0.5305478572845459,1.5279487371444702,1.5225260257720947,1.5238666534423828,1.5227879285812378,1.5159811973571777,1.5166587829589844,1.758904218673706,1.6562694311141968,1.6829469203948975,1.743543267250061,1.7367864847183228,1.7762998342514038,22.453346252441406,,,,,,,,,,,,,,,,,,,
8,1779,0.4145478904247284,0.4091835618019104,0.4393218457698822,0.42677247524261475,0.4809938073158264,0.4015141725540161,1.4138022661209106,1.4373723268508911,1.4500007629394531,1.4230009317398071,1.4134228229522705,1.4075747728347778,1.4880976676940918,1.4783222675323486,1.6044851541519165,1.5750439167022705,1.6038813591003418,1.5257941484451294,20.39313316345215,,,,,,,,,,,,,,,,,,,
8,1789,0.49203699827194214,0.45777979493141174,0.4868541657924652,0.5055736899375916,0.4807382822036743,0.4679720401763916,1.3649359941482544,1.367952823638916,1.371764063835144,1.4035985469818115,1.3603540658950806,1.3669908046722412,1.371019959449768,1.3488659858703613,1.3739967346191406,1.379833698272705,1.3396605253219604,1.328788161277771,19.268718719482422,,,,,,,,,,,,,,,,,,,
8,1790,,,,,,,,,,,,,,,,,,,,0.6013315320014954,0.5687447786331177,0.5742336511611938,0.6261023879051208,0.5888471007347107,0.5889599323272705,1.4693517684936523,1.4945647716522217,1.4714291095733643,1.4789296388626099,1.4631134271621704,1.4670263528823853,1.5407267808914185,1.5365855693817139,1.5283524990081787,1.5909712314605713,1.544967532157898,1.536350131034851,21.67058753967285
9,1799,0.5217288732528687,0.5255202054977417,0.5329062342643738,0.5186216235160828,0.48980578780174255,0.49523916840553284,1.4396297931671143,1.4765478372573853,1.4668325185775757,1.4816532135009766,1.4893642663955688,1.4431730508804321,1.4324228763580322,1.4368258714675903,1.4337202310562134,1.4467253684997559,1.4182482957839966,1.4408856630325317,20.489850997924805,,,,,,,,,,,,,,,,,,,
9,1809,0.7500666975975037,0.7552379369735718,0.80108642578125,0.6912975907325745,0.7370862364768982,0.7462990283966064,1.7595971822738647,1.843369483947754,1.7490661144256592,1.7967990636825562,1.7089903354644775,1.721251368522644,1.8328593969345093,1.8763492107391357,1.8552732467651367,1.7517409324645996,1.8321741819381714,1.8068195581436157,26.015363693237305,,,,,,,,,,,,,,,,,,,
9,1819,0.5290407538414001,0.48487797379493713,0.4928312301635742,0.5457890629768372,0.5251642465591431,0.48216208815574646,1.5849217176437378,1.6428451538085938,1.6247471570968628,1.6269078254699707,1.6376357078552246,1.6210922002792358,1.593008279800415,1.488835334777832,1.495140790939331,1.6917383670806885,1.5865973234176636,1.5188720226287842,22.172204971313477,,,,,,,,,,,,,,,,,,,
9,1829,0.7716583609580994,0.7497262358665466,0.7195800542831421,0.7333418726921082,0.7365170121192932,0.7320394515991211,1.5897026062011719,1.59182608127594,1.5800533294677734,1.5911316871643066,1.5922056436538696,1.5532073974609375,1.6879035234451294,1.6274747848510742,1.561492681503296,1.6274100542068481,1.6230517625808716,1.6048967838287354,23.6732177734375,,,,,,,,,,,,,,,,,,,
9,1839,0.651463508605957,0.6154460310935974,0.6198872327804565,0.639055609703064,0.6178613901138306,0.633886992931366,1.5859860181808472,1.554425835609436,1.61735999584198,1.6176396608352661,1.6125015020370483,1.574834942817688,1.384084939956665,1.2964977025985718,1.3196996450424194,1.3617485761642456,1.2915458679199219,1.3079569339752197,21.3018798828125,,,,,,,,,,,,,,,,,,,
9,1849,0.4318559467792511,0.44794875383377075,0.42420801520347595,0.5532127022743225,0.46974343061447144,0.43442291021347046,1.4123849868774414,1.402574896812439,1.4180675745010376,1.3925305604934692,1.3672674894332886,1.3970390558242798,1.5168827772140503,1.5495967864990234,1.5359796285629272,1.6795248985290527,1.6116670370101929,1.5450783967971802,20.58998680114746,,,,,,,,,,,,,,,,,,,
9,1859,0.4340977668762207,0.3941611051559448,0.41610556840896606,0.4180179834365845,0.41429978609085083,0.38073110580444336,1.6000728607177734,1.6451696157455444,1.6352547407150269,1.6134165525436401,1.606855034828186,1.647467017173767,1.564703345298767,1.4373379945755005,1.488228440284729,1.563326358795166,1.4333611726760864,1.454646348953247,21.147253036499023,,,,,,,,,,,,,,,,,,,
9,1869,0.3924960196018219,0.35341766476631165,0.34374743700027466,0.3476473391056061,0.3602525293827057,0.3331083655357361,1.4801255464553833,1.5171529054641724,1.5282866954803467,1.482317328453064,1.494814395904541,1.4894789457321167,1.439331293106079,1.3069136142730713,1.3030842542648315,1.3424261808395386,1.340459942817688,1.2702690362930298,19.125329971313477,,,,,,,,,,,,,,,,,,,
9,1879,0.5042740702629089,0.5133016705513,0.5007895231246948,0.5303362607955933,0.5206277370452881,0.4993203282356262,1.6553568840026855,1.654189944267273,1.6418993473052979,1.6057988405227661,1.6408706903457642,1.6580020189285278,1.3058669567108154,1.3097132444381714,1.2595304250717163,1.3349244594573975,1.3167325258255005,1.2848094701766968,20.736347198486328,,,,,,,,,,,,,,,,,,,
9,1889,0.4566064476966858,0.46785449981689453,0.43065860867500305,0.4250660240650177,0.41005587577819824,0.4333047866821289,1.2508561611175537,1.2624306678771973,1.2544937133789062,1.2577649354934692,1.2815771102905273,1.2310779094696045,1.379759430885315,1.3871357440948486,1.3908897638320923,1.3668144941329956,1.3223270177841187,1.3432693481445312,18.351943969726562,,,,,,,,,,,,,,,,,,,
9,1899,0.4898040294647217,0.4679122865200043,0.47758445143699646,0.49704670906066895,0.5024259090423584,0.4935292601585388,1.472196340560913,1.489454984664917,1.5032997131347656,1.5257021188735962,1.4726451635360718,1.4845863580703735,1.2259454727172852,1.210188865661621,1.2298187017440796,1.2482177019119263,1.2966960668563843,1.2436916828155518,19.330745697021484,,,,,,,,,,,,,,,,,,,
9,1909,0.6158592104911804,0.5949593782424927,0.577285647392273,0.5649714469909668,0.7603330016136169,0.5845418572425842,1.4456812143325806,1.4608958959579468,1.4493392705917358,1.4456580877304077,1.4821534156799316,1.447489857673645,1.7213202714920044,1.6849935054779053,1.686326265335083,1.6935594081878662,1.8573620319366455,1.7097508907318115,22.782480239868164,,,,,,,,,,,,,,,,,,,
9,1919,0.6832149028778076,0.5305328965187073,0.5209034085273743,0.517835259437561,0.5547609329223633,0.6474959254264832,1.7042514085769653,1.7718391418457031,1.6846487522125244,1.6869823932647705,1.7342071533203125,1.6861101388931274,1.763377070426941,1.4010822772979736,1.412455439567566,1.4529364109039307,1.5383758544921875,1.6956429481506348,22.986648559570312,,,,,,,,,,,,,,,,,,,
9,1929,0.6272197365760803,0.6458175182342529,0.6543451547622681,0.6378394365310669,0.6204425692558289,0.6371915340423584,1.4845668077468872,1.5213621854782104,1.5240824222564697,1.5200811624526978,1.5108577013015747,1.553282380104065,1.4495757818222046,1.5309101343154907,1.5816560983657837,1.5421147346496582,1.565084457397461,1.5211552381515503,22.127586364746094,,,,,,,,,,,,,,,,,,,
9,1939,0.5177863240242004,0.5366793870925903,0.5162791013717651,0.5426970720291138,0.5441514849662781,0.5227400064468384,1.3776248693466187,1.3905233144760132,1.3805820941925049,1.3986363410949707,1.3854347467422485,1.3893423080444336,1.4655996561050415,1.5305300951004028,1.477195143699646,1.572130560874939,1.6106096506118774,1.5327537059783936,20.691295623779297,,,,,,,,,,,,,,,,,,,
9,1949,0.6959303617477417,0.5971834659576416,0.5849426984786987,0.5614935755729675,0.6052838563919067,0.6179680824279785,1.193557858467102,1.241790771484375,1.2098294496536255,1.2180594205856323,1.1994045972824097,1.2124953269958496,1.8078209161758423,1.617392897605896,1.6616742610931396,1.5939409732818604,1.6550500392913818,1.6975104808807373,20.971328735351562,,,,,,,,,,,,,,,,,,,
9,1959,0.6103310585021973,0.5415028929710388,0.5833328366279602,0.5961019396781921,0.5749460458755493,0.5767202377319336,1.433174729347229,1.3924843072891235,1.42095148563385,1.4291529655456543,1.4316964149475098,1.4538437128067017,1.4394538402557373,1.292314887046814,1.3768476247787476,1.3600465059280396,1.3491206169128418,1.3530313968658447,20.21505355834961,,,,,,,,,,,,,,,,,,,
9,1969,0.5896666646003723,0.6224239468574524,0.6208413243293762,0.595463216304779,0.6170254349708557,0.637359082698822,1.2753283977508545,1.3204481601715088,1.3047027587890625,1.2956291437149048,1.2799614667892456,1.2846667766571045,1.774686336517334,1.8237918615341187,1.7941746711730957,1.7199623584747314,1.7762701511383057,1.8207627534866333,22.15316390991211,,,,,,,,,,,,,,,,,,,
9,1979,0.43161118030548096,0.41771364212036133,0.44109928607940674,0.4572974443435669,0.4193832278251648,0.426250696182251,1.288067102432251,1.3232438564300537,1.3062474727630615,1.3225616216659546,1.3157821893692017,1.315356969833374,1.2808185815811157,1.2293751239776611,1.3495539426803589,1.3267852067947388,1.3028783798217773,1.265183687210083,18.219209671020508,,,,,,,,,,,,,,,,,,,
9,1989,0.55491042137146,0.4905652701854706,0.4790520966053009,0.4560628831386566,0.4650023877620697,0.49556267261505127,1.347065806388855,1.342193603515625,1.3607163429260254,1.344570279121399,1.3267409801483154,1.3730807304382324,1.639139175415039,1.5489249229431152,1.5411700010299683,1.5492894649505615,1.504476547241211,1.6088002920150757,20.42732810974121,,,,,,,,,,,,,,,,,,,
9,1989,,,,,,,,,,,,,,,,,,,,0.6357091665267944,0.5693786144256592,0.5543258786201477,0.5524685978889465,0.5787206292152405,0.5613867044448853,1.4683358669281006,1.4869177341461182,1.4707729816436768,1.458930492401123,1.4580079317092896,1.4620788097381592,1.6579654216766357,1.5368300676345825,1.5038864612579346,1.5223549604415894,1.569923758506775,1.530418872833252,21.578414916992188
